class;order;alliance;association;variant
Lemnetea minoris De Bolós et Masclans 1955;;;;
 ;Lemnetalia minoris De Bolós et Masclans 1955;;;
 ; ;Lemnion minoris De Bolós et Masclans 1955;;
 ; ; ;Lemnetum gibbae Miyawaki et J. Tx. 1960;
 ; ; ;Lemno-Spirodeletum polyrhizae W. Koch 1954;
 ; ; ;Lemna minor-Gesellschaft ;
 ; ; ;Lemna turionifera-Gesellschaft ;
 ; ; ;Azollo filiculoidis-Lemnetum minusculae Felzines et Loiseau 1991 nom. invers. propos.;
 ; ; ;Lemnetum trisulcae Knapp et Stoffers 1962;
 ; ; ;Riccietum fluitantis Slavnic 1956;
 ; ; ;Ricciocarpetum natantis Tx. 1974;
 ; ; ;Spirodelo-Salvinietum natantis Slavnic 1956;
 ; ; ;(Lemno minoris-)Wolffietum arrhizae Miyawaki et J. Tx. 1960;
 ;Hydrocharitetalia Rübel 1933;;;
 ; ;Hydrocharition Rübel 1933;;
 ; ; ;Hydrocharitetum morsus-ranae van Langendonck 1935;
 ; ; ;Stratiotetum aloidis Nowinski 1930;
 ; ; ;Lemno-Utricularietum vulgaris Soó 1947;
 ; ; ;Utricularietum neglectae T. Müller et Görs 1960;
 ; ; ;Aldrovanda vesiculosa-Gesellschaft ;
Charetea fragilis Fukarek ex Krausch 1964;;;;
 ;Nitelletalia flexilis W. Krause 1969;;;
 ; ;Nitellion flexilis Dambska 1966;;
 ; ; ;Nitelletum flexilis Corillion 1957;
 ; ; ;Charetum braunii Corillion 1957;
 ; ; ;Nitelletum capillaris Corillion 1957;
 ; ; ;Nitelletum gracilis Corillion 1957;
 ; ; ;Nitelletum translucentis Corillion 1957;
 ; ; ;Chara delicatula-Gesellschaft ;
 ; ;Nitellion syncarpae-tenuissimae W. Krause 1969;;
 ; ; ;Nitelletum opacae Corillion 1957;
 ; ; ;Nitelletum syncarpae-tenuissimae ;
 ; ; ;Tolypelletum proliferae Krause 1969;
 ;Charetalia hispidae Sauer ex Krausch 1964;;;
 ; ;Charion fragilis Krausch 1964;;
 ; ; ;Charo-Tolypelletum glomeratae Corillion 1957;
 ; ; ;Charetum asperae Corillion 1957;
 ; ; ;Charetum strigosae Melzer 1976;
 ; ; ;Magnocharetum hispidae Corillion 1957;
 ; ; ;Charetum intermediae Melzer 1976;
 ; ; ;Charetum tomentosae Corillion 1957;
 ; ; ;Nitellopsidetum obtusae Dambska 1961;
 ; ; ;Charetum fragilis Fijalkowski 1960;
 ; ; ;Charo-Tolypelletum intricatae Corillion 1957;
 ; ;Charion vulgaris (W. Krause et Lang 1977) Krause 1981;;
 ; ; ;Charetum vulgaris Corillion 1957;
 ; ;Charion canescentis Krausch 1964;;
 ; ; ;Charetum canescentis Corillion 1957 em. van Raam et Schaminée 1988;
 ; ; ;Charetum filiformis (Jeschke 1959) Krausch 1964;
Zosteretea marinae Pignatti 1953;;;;
 ;Zosteretalia marinae Beguinot 1941;;;
 ; ;Zosterion marinae Christiansen 1934;;
 ; ; ;Zosteretum marinae Borgesen ex van Goor 1921;
 ; ; ;Zosteretum noltii Harmsen 1936;
Ruppietea J. Tx. 1960;;;;
 ;Ruppietalia J. Tx. 1960;;;
 ; ;Ruppion maritimae Br.-Bl. 1931;;
 ; ; ;Ruppietum maritimae Hocquette 1927;
 ; ; ;Ruppietum cirrhosae Iversen 1934;
 ; ; ;Eleocharitetum parvulae (Christiansen 1933) Gillner 1960;
 ; ; ;Tolypelletum nidificae Kornas 1959;
Thero-Salicornietea Pignatti 1953 em. Tx. in Tx. et Oberd. 1958;;;;
 ;Thero-Salicornietalia europaeae Pignatti 1953 em. Tx. in Tx. et Oberd. 1958;;;
 ; ;(Thero-)Salicornion strictae Br.-Bl. 1933 em. Tx. 1950;;
 ; ; ;Salicornietum strictae Christiansen 1955 ex Tx. 1974;
 ; ; ;Salicornietum brachystachyae Christiansen 1955;
 ; ; ;Salicornietum decumbentis (König 1960) Schwabe et Tx. 1974;
 ; ; ;Suaedetum maritimae (Conard 1935) Pignatti 1953;
 ; ; ;Suaedo-Bassietum hirsutae Br.-Bl. 1928;
Cakiletea maritimae Tx. et Preising 1950;;;;
 ;Cakiletalia maritimae Tx. in Oberd. (1949) 1950;;;
 ; ;Atriplicion littoralis Atriplicion littoralis;;
 ; ; ;Cakiletum maritimae Van Dieren 1934;
 ; ; ;Polygonetum raii Nordhagen 1940;
 ; ; ;Atriplicetum littoralis (Warming 1906) Tx. 1937;
 ; ; ;Crambetum maritimae (Eklund 1932) Eigner 1973;
 ; ; ;Beta maritima-Gesellschaft ;
Spartinetea maritimae Tx. 1961;;;;
 ;Spartinetalia maritimae Conard 1935;;;
 ; ;Spartinion maritimae Conard 1952;;
 ; ; ;Spartinetum anglicae Corillion 1953;
Ammophiletea arenariae Br.-Bl. et Tx. 1943;;;;
 ;Ammophiletalia Br.-Bl. 1933;;;
 ; ;Honkenyion peploidis Tx. in Br.-Bl. et Tx. 1952;;
 ; ; ;Elymo-Agropyretum juncei Br.-Bl. et de Leeuw 1936;
 ; ;Ammophilion arenariae Br.-Bl. 1933;;
 ; ; ;Elymo-Ammophiletum Br.-Bl. et de Leeuw 1936;
Juncetea maritimi Br.-Bl. 1931;;;;
 ;Glauco-Puccinellietalia Beeftink et Westhoff 1962;;;
 ; ;Puccinellion maritimae Christiansen 1927;;
 ; ; ;Puccinellietum maritimae Christiansen 1927;
 ; ; ;Halimionetum portulacoidis Kuhnholtz-Lordat 1927;
 ; ; ;Spergulario-Puccinellietum distantis Feekes (1934) 1943;
 ; ; ;Puccinellietum retroflexae (Almquist 1929) Beeftink 1965;
 ; ;Armerion maritimae Br.-Bl. et de Leeuw 1936;;
 ; ; ;Juncetum gerardi Nordhagen 1923;
 ; ; ;Junco-Caricetum extensae Br.-Bl. et De Leeuw 1936;
 ; ; ;Artemisietum maritimae Br.-Bl. et de Leeuw 1936;
 ; ; ;Blysmetum rufi G.E. et G. Du Rietz 1925;
 ; ; ;Ononis spinosa-Carex distans-Gesellschaft ;
 ; ; ;Oenantho-Juncetum maritimi Tx. 1937;
 ; ; ;Atriplici-Elymetum pycnanthi Br.-Bl. et De Leeuw 1936;
 ; ; ;Festuca rubra ssp. litoralis-Gesellschaft ;
 ; ;Bolboschoenion maritimi Dahl et Hadac 1941;;
 ; ; ;Bolboschoenetum maritimi Van Langendonck 1931;
 ; ; ;Scirpus tabernaemontanus-Bolboschoenion maritimi-Gesellschaft ;
 ; ; ;Eleocharis uniglumis-Bolboschoenion maritimi-Gesellschaft ;
Saginetea maritimae Westhoff, van Leeuwen et Adriani 1962;;;;
 ;Saginetalia maritimae Westhoff, van Leeuwen et Adriani 1962;;;
 ; ;Saginion maritimae Westhoff, van Leeuwen et Adriani 1962;;
 ; ; ;Sagino-Cochlearietum danicae Tx. et Gillner 1957;
 ; ; ;Centaurio litoralis-Saginetum nodosae Diemont, Sissingh et Westhoff 1940;
Crithmo-Limonietea vulgaris Br.-Bl. 1947;;;;
 ;Crithmo-Limonietalia Br.-Bl. 1942;;;
 ; ;Crithmo-Limonion Mol. 1934;;
 ; ; ;Cardario-Brassicetum oleraceae Dierschke et Welbrun 1986;
Asplenietea trichomanis Br.-Bl. in Meier et Br.-Bl. 1934;;;;
 ;Potentilletalia caulescentis Br.-Bl. in Br.-Bl. et Jenny 1926;;;
 ; ;Potentillion caulescentis Br.-Bl. in Br.-Bl. et Jenny 1926;;
 ; ; ;Androsacetum helveticae Lüdi ex Br.-Bl. in Br.-Bl. et Jenny 1926;
 ; ; ;Hieracio humilis-Potentilletum caulescentis Br.-Bl. in Meier et Br.-Bl. 1934;
 ; ; ;Drabo-Hieracietum humilis Oberd. (1970) 1977;
 ; ; ;Asplenium trichomanes-Asplenium ruta-muraria-Gesellschaft ;
 ; ; ;Potentilletum nitidae Wikus 1959  [-];
 ; ;Cystopteridion fragilis J.L. Richard 1972;;
 ; ; ;Cystopteridetum fragilis Oberd. 1938;
 ; ; ;Heliospermo-Cystopteridetum alpinae J.L. Richard 1972 corr. Pott 1992;
 ; ; ;Asplenio-Caricetum brachystachyos Richard 1972;
 ; ; ;Drabo stellatae-Potentilletum clusianae Hörandl et Greimler in Mucina 1993  [-];
 ; ; ;Cystopteridetum dickieanae Dierßen 1992  [-];
 ;Androsacetalia vandellii Br.-Bl. in Meier et Br.-Bl. 1934;;;
 ; ;Asplenion septentrionalis Oberd. 1938;;
 ; ; ;Sileno rupestris-Asplenietum septentrionalis Oberd. 1934 nom. prov.;
 ; ; ;Woodsio ilvensis-Asplenietum septentrionalis Tx. 1937;
 ; ; ;Asplenietum septentrionali-adianti-nigri Oberd. 1938;
 ; ; ;Asplenietum serpentini (G. Knapp 1942) Gauckler 1954;
 ; ;Asarinion procumbentis Br.-Bl. in Meier et Br.-Bl. 1934  [-];;
 ; ; ;Crocynio-Asplenietum billotii G. Schulze et Korneck 1971  [-];
 ; ;Androsacion vandellii Br.-Bl. in Br.-Bl. et Jenny 1926  [-];;
 ; ; ;Androsacetum vandellii Br.-Bl. 1926  [-];
 ; ; ;Asplenio-Primuletum hirsutae Br.-Bl. in Meier et Br.-Bl. 1934  [-];
 ;Parietarietalia judaicae Rivas-Martinez 1960 ex Br.-Bl. 1963 corr. Oberdorfer 1977;;;
 ; ;Cymbalario-Asplenion Ségal 1969 em. Mucina 1993;;
 ; ; ;Parietaria judaica-Gesellschaft ;
 ; ; ;Cymbalaria muralis-Gesellschaft ;
 ; ; ;Corydalis lutea-Gesellschaft ;
Thlaspietea rotundifolii Br.-Bl. 1948;;;;
 ;Androsacetalia alpinae Br.-Bl. in Br.-Bl. et Jenny 1926;;;
 ; ;Androsacion alpinae Br.-Bl. in Br.-Bl. et Jenny 1926;;
 ; ; ;Sieversio-Oxyrietum Friedel 1956 em. Englisch et al. 1993;
 ; ; ;Cryptogramma crispa-Gesellschaft ;
 ; ; ;Androsacetum alpinae Br.-Bl. in Br.-Bl. et Jenny 1926  [-];
 ; ; ;Androsacetum wulfenianae Franz 1988  [-];
 ;Drabetalia hoppeanae Zollitsch 1966  [-];;;
 ; ;Drabion hoppeanae Zollitsch 1966  [-];;
 ; ; ;Drabetum hoppeanae Friedel 1956  [-];
 ; ; ;Saxifragetum biflorae Zollitsch 1966  [-];
 ; ; ;Herniarietum alpinae Zollitsch 1968  [-];
 ; ; ;Campanulo ceniseae-Saxifragetum oppositifoliae Oberd. ex Zollitsch 1968  [-];
 ; ; ;Saxifragetum rudolphianae Friedel 1956  [-];
 ;Thlaspietalia rotundifolii Br.-Bl. 1948;;;
 ; ;Thlaspion rotundifolii Jenny-Lips 1930;;
 ; ; ;Thlaspietum rotundifolii Jenny-Lips 1930;
 ; ; ;Crepidetum terglouensis Seibert 1977;
 ; ; ;Leontodontetum montani Jenny-Lips 1930;
 ; ;Petasition paradoxi Zollitsch ex Lippert 1966;;
 ; ; ;Moehringio-Gymnocarpietum robertiani (Jenny-Lips 1930) Lippert 1966;
 ; ; ;Petasitetum paradoxi Beger 1922;
 ; ; ;Athamanto-Trisetetum distichophylli (Jenny-Lips 1930) Lippert 1966;
 ; ; ;Dryopteridetum villarii Jenny-Lips 1930;
 ; ; ;Anthyllido-Leontodentetum hyoseroidis Zoller 1951;
 ; ; ;Cystopteridetum montanae Richard 1972;
 ; ; ;Polystichum lonchitis-Gesellschaft ;
 ; ; ;Adenostyles glabra-Gesellschaft ;
 ; ; ;Petasites albus-Gesellschaft ;
 ;Epilobietalia fleischeri Moor 1958;;;
 ; ;Salicion incanae Aichinger 1933;;
 ; ; ;Myricario-Chondrilletum chondrilloidis Br.-Bl. in Volk 1939;
 ; ; ;Calamagrostietum pseudophragmitis Kopecký 1968;
 ; ; ;Epilobio-Scrophularietum caninae Br.-Bl. et Koch ex Müller 1974;
 ; ; ;Epilobietum fleischeri Frey 1922  [-];
 ;Galio-Parietarietalia officinalis Boscaiu et al. 1966;;;
 ; ;Stipion calamagrostis Jenny-Lips ex Br.-Bl. et al. 1952;;
 ; ; ;Stipetum calamagrostis Br.-Bl. 1918;
 ; ; ;Gymnocarpietum robertiani Kuhn 1937;
 ; ; ;Rumicetum scutati Faber 1936;
 ; ; ;Galeopsietum angustifoliae (Büker 1942) Bornkamm 1960;
 ; ; ;Vincetoxicum hirundinaria-Gesellschaft ;
 ;Galeopsietalia segetum Oberd. et Seibert in Oberd. 1977;;;
 ; ;Galeopsion segetum Oberd. 1957;;
 ; ; ;Epilobio lanceolati-Galeopsietum segetum Büker 1942;
 ; ; ;Anarrhinetum bellidifolii (Korneck 1974) Seibert in Oberd. 1977;
 ; ; ;Teucrio botryos-Senecionetum viscosi (Kersberg 1968) Korneck 1974;
 ; ; ;Epilobium lanceolatum-Galeopsis ladanum-Gesellschaft ;
 ;Arabidetalia caeruleae Rübel ex Br.-Bl. 1948;;;
 ; ;Arabidion caeruleae Br.-Bl. in Br.-Bl. et Jenny 1926;;
 ; ; ;Salicetum retuso-reticulatae Br.-Bl. in Br.-Bl. et Jenny 1926;
 ; ; ;Arabidetum caeruleae Br.-Bl. 1918;
 ; ; ;Arabido-Rumicetum nivalis (Jenny-Lips 1930) Oberd. 1957 nom. invers. propos.;
 ; ; ;Soldanella pusilla-Homogyne discolor-Gesellschaft ;
Stellarietea mediae Tx. et al. in Tx. 1950;;;;
 ;Centaureetalia cyani Tx., Lohmeyer et Preising in Tx. 1950;;;
 ; ;Veronico-Euphorbion Sissingh ex Passarge 1964;;
 ; ; ;Mercurialetum annuae Kruseman et Vlieger 1939;
 ; ; ;Thlaspio-Veronicetum politae Görs 1966;
 ; ; ;Thlaspio-Fumarietum officinalis Görs in Oberd. et al. 1967 ex Passarge et Jurko 1975;
 ; ; ;Geranio-Allietum vinealis (v. Rochow 1948) Tx. 1950  [-];
 ; ;Caucalidion platycarpi (Tx. 1950) v. Rochow 1951;;
 ; ; ;Caucalido daucoidis-Scandicetum pecten-veneris Tx. 1937;
 ; ; ;Euphorbio exiguae-Melandrietum noctiflori G. Müller 1964;
 ; ; ;Kickxietum spuriae Kruseman et Vlieger 1939;
 ; ; ;Apero-Lathyretum aphacae Tx. et v. Rochow 1951 nom. invers. propos.;
 ; ; ;Adonido-Iberidetum amarae (Allorge 1922) Tx. 1950;
 ;Chenopodietalia albi Tx. (1937) 1950;;;
 ; ;Scleranthion annui (Kruseman et Vlieger 1939) Sissingh in Westhoff et al. 1946;;
 ; ; ; ;Scleranthus annuus-Gesellschaft 
 ; ; ;Teesdalio-Arnoseridetum minimae (Malcuit 1929) Tx. 1950;
 ; ; ;Papaveretum argemones Kruseman et Vlieger 1939;
 ; ; ;Aphano-Matricarietum chamomillae Tx. 1937 nom. mut. propos.;
 ; ; ;Holcus mollis-Galeopsis tetrahit-Gesellschaft ;
 ; ;Digitario-Setarion Sissingh 1946 em. Hüppe et Hofmeister 1990;;
 ; ; ;Spergulo-Chrysanthemetum segetum (Br.-Bl. et De Leeuw 1936) Tx. 1937;
 ; ; ;Setario-Galinsogetum parviflorae Tx. 1950 em. Th. Müller et Oberd. in Oberd. 1983;
 ; ; ;Digitarietum ischaemi Tx. 1950 nom. mutat. propos.;
 ; ;Spergulo-Oxalidion Görs in Oberd. et al. 1967;;
 ; ; ;Chenopodio-Oxalidetum fontanae Sissingh 1950 nom. conserv. prop.;
 ;Lolio remoti-Linetalia J. Tx. et. R. Tx. in Lohmeyer et. al. 1962;;;
 ; ;Lolio remoti-Linion Tx. 1950;;
 ; ; ;Sileno linicolae-Linetum Tx. 1950;
 ;Eragrostietalia J. Tx. ex Poli 1966;;;
 ; ;Eragrostion minoris Tx. in Slavnic 1944;;
 ; ; ;Digitario-Eragrostietum Tx. 1950 ex v. Rochow 1951;
 ; ;Salsolion ruthenicae Philippi 1971;;
 ; ; ;Bromo-Corispermetum leptopteri Sissingh 1950;
 ; ; ;Setario-Plantaginetum indicae Passarge 1988;
 ; ; ;Chenopodietum botryos Sukopp 1971;
 ; ; ;Kochietum densiflorae Gutte et Klotz 1985;
 ;Sisymbrietalia J.Tx. in Lohmeyer et al. 1962;;;
 ; ;Sisymbrion Tx. et al. in Tx 1950;;
 ; ; ;Hyoscyamo nigri-Malvetum neglectae Aichinger 1933;
 ; ; ;Malvo neglectae-Chenopodietum vulvariae Gutte 1966;
 ; ; ;Chenopodietum stricti (Oberd. 1957) Passarge 1964;
 ; ; ;Sisymbrio-Atriplicetum sagittatae Oberd. ex Mahn et Schubert 1962;
 ; ; ;Sisymbrio-Atriplicetum oblongifoliae Oberd. 1957;
 ; ; ;Erigeronto-Lactucetum serriolae Lohmeyer in Oberd. 1957 em Mucina 1978;
 ; ; ;Capsello-Descurainietum sophiae Mucina 1993;
 ; ; ;Elymo repentis-Sisymbrietum loeselii Mucina 1993;
 ; ; ;Sisymbrietum altissimi Bornkamm 1974;
 ; ; ;Sisymbrio-Asperuginetum Rebholz 1931;
 ; ; ;Lappulo deflexae-Chenopodietum foliosi Bernátová 1986  [-];
 ; ; ;Hordeetum murini Libbert 1933;
 ; ; ;Cynodonto-Atriplicetum tataricae Morariu 1943;
 ; ; ;Malvetum pusillae Morariu 1943;
 ; ; ;Anthemis cotula-Gesellschaft ;
 ; ;Chenopodion muralis Br.-Bl. 1931 em. O. Bolós  [-];;
 ; ; ;Chenopodietum muralis Br.-Bl. et Maire 1924  [-];
Bidentetea tripartitae Tx. et al. in Tx 1950;;;;
 ;Bidentetalia tripartitae Br.-Bl. et Tx. ex Klika et Hadac 1944;;;
 ; ;Bidention tripartitae Nordhagen 1940 em. Tx. in Poli et J. Tx. 1960;;
 ; ; ;Bidenti-Polygonetum hydropiperis Lohmeyer in Tx. 1950 nom. invers. propos.;
 ; ; ;Rumici-Alopecuretum aequalis Cirtu 1972;
 ; ; ;Bidenti-Ranunculetum scelerati (Miljan 1933) Tx. 1978;
 ; ; ;Rumicetum maritimi Sissingh ex Tx. 1950;
 ; ; ;Rumicetum palustris (Timár 1950) W. Fischer 1978;
 ; ; ;Senecionetum tubicaulis Burrichter 1970;
 ; ; ;Polygonum mite-Gesellschaft ;
 ; ;Chenopodion glauci Hejný 1974;;
 ; ; ;Chenopodietum rubri Timár 1947;
 ; ; ;Chenopodio rubri-Polygonetum brittingeri Lohmeyer 1950;
 ; ; ;Xanthio albini-Chenopodietum rubri Lohmeyer et Walther in Lohmeyer 1950;
 ; ; ;Bidenti-Brassicetum nigrae Allorge 1921;
 ; ; ;Rorippo-Corrigioletum littoralis Malcuit 1929;
 ; ; ;Atriplex prostrata-Chenopodion glauci-Gesellschaft ;
Galio-Urticetea Passarge et Kopecky 1969;;;;
 ;Convolvuletalia sepium Tx. 1950 em. Mucina 1993;;;
 ; ;Senecionion fluviatilis Tx. 1950;;
 ; ; ;Soncho-Archangelicetum litoralis Tx. 1937;
 ; ; ;Senecionetum fluviatilis Th. Müller ex Straka in Mucina 1993;
 ; ; ;Cuscuto europaeae-Convolvuletum sepium Tx. 1947;
 ; ; ;Convolvulo-Eupatorietum cannabini Görs 1974 nom. invers. propos.;
 ; ; ;Epilobio hirsuti-Convolvuletum sepium Hilbig et al. 1972;
 ; ; ;Veronico longifoliae-Euphorbietum palustris Korneck 1963;
 ; ; ;Veronico longifoliae-Euphorbietum lucidae Balátová-Tulacková et Knezevic 1975  [-];
 ; ; ;Veronica longifolia-Filipendula ulmaria-Gesellschaft ;
 ; ; ;Filipendula-Thalictrum flavum-Gesellschaft ;
 ; ; ;Senecio paludosus-Gesellschaft ;
 ; ; ;Cuscuta lupuliformis-Gesellschaft ;
 ;Lamio-Chenopodietalia boni-henrici Kopecký 1969;;;
 ; ;Aegopodion podagrariae Tx. 1967;;
 ; ; ;Chaerophylletum bulbosi Tx. 1937;
 ; ; ;Phalarido-Petasitetum hybridi Schwickerath 1933 nom. mutat. propos.;
 ; ; ;Chaerophylletum aurei Oberd. 1957;
 ; ; ;Chaerophylletum aromatici Neuhäuslová-Novotná et al. 1969;
 ; ; ;Urtico-Aegopodietum (Tx. 1963) Görs 1968 nom. invers. propos.;
 ; ; ;Anthrisco nitidae-Aegopodietum podagrariae Kopecký 1974;
 ; ; ;Euphorbietum strictae (Oberd. et al. 1967) Th. Müller ex Mucina 1993;
 ; ; ;Sisymbrietum strictissimi Brandes in Mucina et al. 1993;
 ; ;Galio-Alliarion (Oberd. 1957) Lohmeyer et Oberd. in Oberd. et al. 1967;;
 ; ; ;Sambucetum ebuli Felföldy 1942;
 ; ; ;Urtico-Cruciatetum Dierschke 1973;
 ; ; ;Cephalarietum pilosi Jouanne 1927;
 ; ; ;Alliario-Chaerophylletum temuli Lohmeyer 1949;
 ; ; ;Chaerophyllo-Geranietum lucidi Oberdorfer 1957;
 ; ; ;Alliario-Cynoglossetum germanici Géhu, Richard et Tx. 1972;
 ; ; ;Torilidetum japonicae Lohmeyer ex Görs et Th. Müller 1969;
 ; ; ;Epilobio-Geranietum robertiani Lohmeyer ex Görs et Th. Müller 1969;
 ; ; ;Urtico-Parietarietum officinalis Klotz 1985;
 ; ;Rumicion alpini Rübel ex Klika in Klika et Hadac 1944;;
 ; ; ;Rumicetum alpini Beger 1922;
 ; ; ;Peucedanetum ostruthii Rübel 1911;
 ; ; ;Senecionetum alpini Bolleter 1921;
Artemisietea vulgaris Lohmeyer et al. in Tx. 1950;;;;
 ;Onopordetalia acanthii Br.-Bl. et Tx. ex Klika et Hadac 1944;;;
 ; ;Onopordion acanthii Br.-Bl. in Br.-Bl. et al. 1936;;
 ; ; ;Onopordetum acanthii Br.-Bl. in Br.-Bl. et al. 1936;
 ; ; ;Resedo-Carduetum nutantis Sissingh 1950;
 ; ; ;Cirsietum eriophori Oberd. ex Th. Müller 1966;
 ; ; ;Lappulo squarroso-Cynoglossetum officinalis Klika 1935 nom. mut. propos.;
 ; ; ;Stachyo germanicae-Carduetum acanthoidis Weinert in Gutte 1966;
 ; ;Dauco-Melilotion Görs 1966;;
 ; ; ;Tanaceto-Artemisietum vulgaris Br.-Bl. 1931 corr. 1949;
 ; ; ;Berteroetum incanae Sissingh et Tideman in Sissingh 1950;
 ; ; ;Dauco-Picridetum hieracioidis Görs 1966;
 ; ; ;Echio-Melilotetum Tx. 1947;
 ; ; ;Glaucium flavum-Gesellschaft ;
 ; ;Arction lappae Tx. 1937;;
 ; ; ;Lamio albi-Ballotetum albae Lohmeyer 1970;
 ; ; ;Leonuro-Ballotetum nigrae Slavnic 1951;
 ; ; ;Urtico urentis-Chenopodietum boni-henrici Tx. 1937;
 ; ; ;Arctio-Artemisietum vulgaris Oberd. et al. ex Seybold et Th. Müller 1972;
 ; ; ;Hyoscyamo-Conietum maculati Slavnic 1951;
 ; ; ;Balloto-Malvetum sylvestris Gutte 1966;
 ; ; ;Arctio tomentosi-Rumicetum obtusifolii Passarge 1959;
 ; ; ;Cirsium arvense-Cirsium vulgare-Gesellschaft (sensu Th. Müller in Seybold et Th. Müller 1972);
 ;Agropyretalia intermedio-repentis Oberd. et al. ex Müller et Görs 1969;;;
 ; ;Convolvulo-Agropyrion repentis Görs 1966;;
 ; ; ;Diplotaxio tenuifoliae-Agropyretum repentis Philippi in Th. Müller et Görs 1969;
 ; ; ;Convolvulo arvensis-Agropyretum repentis Felföldy 1943 nom. invers. propos.;
 ; ; ;Lepidio drabae-Agropyretum repentis Th. Müller et Görs 1969;
 ; ; ;Falcario vulgaris-Agropyretum repentis Th. Müller et Görs 1969;
 ; ; ;Melico transsilvanicae-Agropyretum repentis Th. Müller in Görs 1966;
 ; ; ;Poo compressae-Anthemidetum tinctoriae (Th. Müller et Görs 1969) Oberd. 1970;
 ; ; ;Potentillo argenteae-Artemisietum absinthii Falinski 1965;
 ; ; ;Poo compressae-Tussilaginetum Tx. 1931;
 ; ; ;Petasitetum tomentosi Steffen 1931;
 ; ; ;Agropyro repentis-Rumicetum thyrsiflori Passarge 1989;
 ; ; ;Rumici thyrsiflori-Allietum schoenoprasi Passarge 1989;
 ; ; ;Asparago officinalis-Chondrilletum junceae Passarge 1978;
 ; ; ;Rubo caesii-Calamagrostietum epigeji Coste (1974) 1975;
 ; ; ;Elymo repentis-Rubetum caesii Dengler 1997;
Agrostietea stoloniferae Th. Müller et Görs in Görs 1968;;;;
 ;Agrostietalia stoloniferae Oberd. 1967;;;
 ; ;Potentillion anserinae Tx. 1947;;
 ; ; ;Ranunculo-Alopecuretum geniculati Tx. 1937 nom. conserv. propos.;
 ; ; ;Rumici crispi-Agrostietum stoloniferae Moor 1958;
 ; ; ;Agropyro-Rorippetum austriacae (Timár 1947) Tx. 1950;
 ; ; ;Potentillo-Festucetum arundinaceae Nordhagen 1940;
 ; ; ;Junco inflexi-Menthetum longifoliae Lohmeyer 1953;
 ; ; ;Potentillo-Menthetum suaveolentis Oberd. 1957;
 ; ; ;Junco compressi-Trifolietum repentis Eggler 1933;
 ; ; ;Myosuro-Ranunculetum sardoi (Diemont, Sissingh et Westhoff 1940) Oberd. 1957;
 ; ; ;Potentillo-Deschampsietum mediae Oberd. 1957;
 ; ; ;Trifolio fragiferi-Agrostietum stoloniferae Sykora 1982 nom. invers. propos.;
 ; ; ;Holoschoenetum Br.-Bl. 1931  [-];
Polygono-Poetea annuae Rivas-Martinez 1975;;;;
 ;Polygono arenastri-Poetalia annuae Tx. in Géhu et al. 1972;;;
 ; ;Matricario discoideae-Polygonion arenastri Rivas-Martinez 1965 corr. Rivas-Martinez et al. 1991;;
 ; ; ;Sclerochloo-Polygonetum arenastri (Gams 1927) Soó ex Korneck 1969;
 ; ; ;Matricario-Polygonetum arenastri Th. Müller in Oberd. 1971;
 ; ; ;Polygonetum calcati Lohmeyer 1975;
 ; ; ;Poo-Coronopodetum squamati Gutte 1966;
 ; ; ;Sagino procumbentis-Bryetum argentei Diemont et al. 1940;
 ; ; ;Rumici-Spergularietum rubrae Hülbusch 1973;
Isoëto-Nanojuncetea Br.-Bl. et Tx. 1943 ex Westhoff, Dijk et Paschier 1946;;;;
 ; ; ;Juncus bufonius-Gesellschaft ;
 ; ; ;Elatine hexandra-Gesellschaft ;
 ; ; ;Juncus capitatus-Gesellschaft ;
 ; ; ;Centaurium pulchellum-Gesellschaft ;
 ;Nanocyperetalia Klika 1935;;;
 ; ; ;Peplis portula-Gesellschaft ;
 ; ;Elatino-Eleocharition ovatae Pietsch et Müller-Stoll 1968;;
 ; ; ;Polygono-Eleocharitetum ovatae Eggler 1933 nom. mut. propos.;
 ; ; ;Eleocharito acicularis-Limoselletum aquaticae Wendelberger-Zelinka 1952;
 ; ; ;Elatino alsinastri-Juncetum tenageiae Libbert 1932;
 ; ; ;Elatine triandra-Elatine hydropiper-Gesellschaft ;
 ; ; ;Cyperus fuscus-Gesellschaft ;
 ; ;Radiolion linoidis (Rivas-Goday 1961) Pietsch 1973;;
 ; ; ;Cicendietum filiformis Allorge 1922;
 ; ; ; ;Cicendietum filiformis juncetosum pygmaei 
 ; ; ; ;Cicendietum filiformis centaurietosum littoralis 
 ; ; ;Digitario-Illecebretum verticillati Diemont, Sissingh et Westhoff 1940;
 ; ; ;Junco bufonii-Gypsophiletum muralis (Ambroz 1939) Pietsch 1995;
 ; ; ;Centunculo-Anthocerotetum punctati Koch ex Libbert 1932;
 ; ; ;Stellario uliginosae-Isolepidetum setaceae Libbert 1932;
 ; ; ;Cyperetum flavescentis W. Koch 1926 em. Aichinger 1933;
 ; ; ;Isolepis setacea-Gesellschaft ;
 ; ; ;Veronico anagalloides-Lythretum hyssopifoliae Wagner ex Holzner 1973;
 ; ; ;Erythraeo-Blackstonietum Oberd. 1957;
Potamogetonetea Klika in Novák et Klika 1941;;;;
 ;Potamogetonetalia W. Koch 1926;;;
 ; ;Ranunculion fluitantis Neuhäusl 1959;;
 ; ; ;Ranunculetum fluitantis (Allorge 1922) W. Koch 1926;
 ; ; ;Ranunculo trichophylli-Sietum erecto-submersi Th. Müller 1962;
 ; ; ;Callitrichetum obtusangulae Seibert 1962;
 ; ; ;Callitricho hamulatae-Ranunculetum fluitantis Oberd. 1957;
 ; ; ;Veronico beccabungae-Callitrichetum stagnalis Th. Müller 1962;
 ; ; ;Potamogetonetum colorati Allorge 1922;
 ; ; ;Groenlandietum densae De Bolós 1957;
 ; ; ;Ranunculetum hederacei Schnell 1939;
 ; ; ;Sparganio emersi-Potamogetonetum pectinati Hilbig 1971;
 ; ; ;Callitricho-Ranunculetum penicillati Dethioux et Noirfalise 1985;
 ; ; ;Potamogeton nodosus-Gesellschaft ;
 ; ;Potamogetonion pectinati (W. Koch 1926) Görs 1977;;
 ; ; ;Potamogetonetum filiformis W. Koch 1928;
 ; ; ;Potamogetonetum alpini Podb. 1967;
 ; ; ;Najadetum intermediae Lang 1973;
 ; ; ;Potamo-Zannichellietum palustris W. Koch 1926;
 ; ; ;Potamogetonetum lucentis Hueck 1931;
 ; ; ;Najadetum marinae Fukarek 1961;
 ; ; ;Potamogetonetum trichoidis J. et R. Tx. in R. Tx. 1965;
 ; ; ;Potamogetonetum praelongi Sauer 1937;
 ; ; ;Callitrichetum hermaphroditicae Looman 1985;
 ; ; ;Potamogeton perfoliatus-Gesellschaft ;
 ; ; ;Potamogeton pectinatus-Gesellschaft ;
 ; ; ;Potamogeton obtusifolius-Gesellschaft ;
 ; ; ;Potamogeton acutifolius-Gesellschaft ;
 ; ; ;Potamogeton compressus-Gesellschaft ;
 ; ; ;Ceratophyllum submersum-Gesellschaft ;
 ; ; ;Potamogeton friesii-Gesellschaft ;
 ; ; ;Potamogeton rutilus-Gesellschaft ;
 ; ; ;Potamogeton gramineus-Gesellschaft ;
 ; ; ;Potamogeton pusillus-Gesellschaft ;
 ; ;Nymphaeion albae Oberd. 1957;;
 ; ; ;Nymphaeto albo-Nupharetum luteae Nowinski 1928;
 ; ; ;Nymphoidetum peltatae Bellot 1951 nom. mutat. propos.;
 ; ; ;Trapetum natantis Th. Müller et Görs 1960;
 ; ; ;Potamogetono-Nymphaeetum candidae Hejný 1948;
 ; ; ;Nymphaeetum minoris Vollmar 1947;
 ; ; ;Nupharetum pumilae Oberd. 1957 ex Th. Müller et Görs 1960;
 ; ;Ranunculion aquatilis Passarge 1964;;
 ; ; ;Ranunculetum aquatilis Sauer 1937;
 ; ; ;Ranunculetum peltati (Segal 1965) Weber-Oldecop 1969;
 ; ; ;Hottonietum palustris Tx. 1937;
 ; ; ;Ranunculetum baudotii Hocquette 1927;
Utricularietea intermedio-minoris Den Hartog et Segal 1964 em. Pietsch 1965;;;;
 ;Utricularietalia intermedio-minoris Pietsch 1965;;;
 ; ;Scorpidio-Utricularion minoris Pietsch 1965;;
 ; ; ;Scorpidio-Utricularietum Ilschner ex Müller et Görs 1960;
 ; ; ;Sphagno-Utricularietum stygiae (Schumacher 1937) Oberd. 1957 crr. Dierßen 1996;
 ; ; ;Sparganio minimi-Utricularietum intermedii Tx. 1937;
 ; ; ;Sphagno denticulati-Sparganietum angustifolii Tx. 1937 nom. invers. propos.;
 ; ;Sphagno-Utricularion Th. Müller et Görs 1960;;
Littorelletea Br.-Bl. et Tx. ex Westhoff, Dijk et Paschier 1946;;;;
 ;Littorelletalia W. Koch 1926;;;
 ; ;Deschampsion littoralis Oberd. et Dierßen in Dierßen 1975;;
 ; ; ;Deschampsietum rhenanae Oberd. 1957 ex Th. Müller et Görs 1960;
 ; ;Littorellion uniflorae W. Koch 1926;;
 ; ; ;Isoëtetum echinosporae W. Koch 1925;
 ; ; ;Isoëto-Lobelietum Tx. 1937;
 ; ;Eleocharition acicularis Pietsch 1967;;
 ; ; ;Littorello-Eleocharitetum acicularis Jouanne 1925;
 ; ;Hydrocotylo-Baldellion Tx. et Dierßen in Dierßen 1972;;
 ; ; ;Eleocharitetum multicaulis (Allorge 1922) Tx. 1937;
 ; ; ;Pilularietum globuliferae Tx. 1955 ex Th. Müller et Görs 1960;
 ; ; ;Hyperico-Potamogetonetum polygonifolii Br.-Bl. et Tx. 1952;
 ; ; ;Samolo-Littorelletum Westhoff 1943;
 ; ; ;Ranunculetum ololeuci Weber 1988;
 ; ; ;Scirpetum fluitantis Allorge 1922;
 ; ; ;Carici-Deschampsietum setaceae Pietsch 1964;
Phragmito-Magnocaricetea Klika in Klika et Novák 1941;;;;
 ;Phragmitetalia australis W. Koch 1926;;;
 ; ;Phragmition australis W. Koch 1926;;
 ; ; ;Scirpetum lacustris Chouard 1924;
 ; ; ;Typhetum angustifoliae (Allorge 1922) Pignatti 1953;
 ; ; ;Typhetum latifoliae (Soó 1927) Nowinski 1930;
 ; ; ;Glycerietum maximae Hueck 1931;
 ; ; ;Phragmitetum australis Schmale 1939;
 ; ; ;Glycerio-Sparganietum neglecti Br.-Bl. 1925 em. Philippi 1973;
 ; ; ;Sparganietum erecti Roll 1938;
 ; ; ;Acoretum calami Schulz 1941;
 ; ; ;Cicuto-Caricetum pseudocyperi Boer et Sissingh in Boer 1942;
 ; ; ;Butometum umbellati Konczak 1968;
 ; ; ;Sagittario-Sparganietum emersi Tx. 1953;
 ; ; ;Oenantho-Rorippetum amphibiae Lohmeyer 1950;
 ; ; ;Scirpetum radicantis Hejný in Hejný et Husék 1978;
 ; ; ;Equisetum fluviatile-Gesellschaft ;
 ; ; ;Sium latifolium-Gesellschaft ;
 ; ; ;Hippuridetum vulgaris Rübel 1912;
 ; ; ;Eleocharis palustris-Gesellschaft ;
 ; ; ;Bolboschoenus maritimus-Phragmition australis-Gesellschaft ;
 ; ;Magnocaricion elatae W. Koch 1926;;
 ; ; ;Caricetum elatae W. Koch 1926;
 ; ; ;Caricetum paniculatae Wangerin 1916 ex v. Rochow 1951;
 ; ; ;Galio palustris-Caricetum ripariae Balátová-Tulacková et al. 1993;
 ; ; ;Caricetum oenensis Seibert ex Balátová-Tulacková et al. 1993;
 ; ; ;Caricetum vesicariae Chouard 1924;
 ; ; ;Caricetum gracilis Almquist 1929;
 ; ; ;Caricetum vulpinae Soó 1927;
 ; ; ;Caricetum buekii Hejný et Kopecký 1965;
 ; ; ;Calamagrostidetum canescentis Simon 1960;
 ; ; ;Caricetum acutiformis Eggler 1933;
 ; ; ;Phalaridetum arundinaceae Libbert 1931;
 ; ;Glycerio-Sparganion Br.-Bl. et Sissingh in Boer 1942;;
 ; ; ;Glycerietum fluitantis Eggler 1933;
 ; ; ;Glycerietum plicatae Kulczynski 1928;
 ; ; ;Apietum nodiflori Br.-Bl. ex Boer 1942;
 ; ; ;Nasturtietum officinalis Seibert 1962;
 ; ; ;Leersietum oryzoidis Eggler 1933;
 ; ; ;Catabrosetum aquaticae Lang 1967;
 ; ; ;Glycerietum nemorali-plicatae Kopecký 1972;
 ; ; ;Veronicetum anagallidis-aquaticae Kaiser 1926;
 ; ; ;Veronica beccabunga-Gesellschaft ;
Montio-Cardaminetea Br.-Bl. et Tx. ex Klika 1944;;;;
 ;Montio-Cardaminetalia Pawlowski in Pawlowski et al. 1928;;;
 ; ;Cardamino-Montion Br.-Bl. 1925;;
 ; ; ;Bryo schleicheri-Montietum rivularis Br.-Bl. 1925 nom. invers. propos.;
 ; ; ;Philonotido fontanae-Montietum rivularis Büker et Tx. in Büker 1942;
 ; ; ;Stellario alsines-Montietum fontanae Franzi 1984;
 ; ; ;Arabido bellidifoliae-Cratoneuretum W. Koch 1928 nom. invers. propos.;
 ; ; ;Cochleario pyrenaicae-Cratoneuretum commutati (Oberd. 1957) Th. Müller 1961;
 ;Cardamino-Chrysosplenietalia Hinterlang 1992;;;
 ; ;Caricion remotae Kästner 1941;;
 ; ; ;Pellio-Chrysosplenietum oppositifolii Moor 1959;
 ; ; ;Caricetum remotae (Kästner 1941) Schwickerath 1944;
 ; ; ;Cardamine amara-Gesellschaft ;
Scheuchzerio-Caricetea nigrae Tx. 1937 nom. mutat. propos.;;;;
 ;Scheuchzerietalia palustris Nordhagen 1937;;;
 ; ;Rhynchosporion albae W. Koch 1926;;
 ; ; ;Scheuchzerietum palustris Tx. 1937;
 ; ; ;Sphagno tenelli-Rhynchosporetum albae Osvald 1923 em. Dierßen 1982;
 ; ; ;Scorpidium scorpidioides-Carex elata-Gesellschaft ;
 ; ; ;Carex paupercula-Gesellschaft ;
 ; ;Caricion lasiocarpae Vanden Berghen in Lebrun et al. 1949;;
 ; ; ;Caricetum lasiocarpae Osvald 1923 em. Dierßen 1982;
 ; ; ;Caricetum diandrae Osvald 1923;
 ; ; ;Drepanoclado-Caricetum chordorrhizae Osvald 1925;
 ; ; ;Carex rostrata-Caricion lasiocarpae-Gesellschaft ;
 ; ; ;Cladietum marisci Allorge 1922;
 ; ; ;Carex limosa-Gesellschaft ;
 ; ; ;Eleocharitetum mamillatae Passarge 1999;
 ; ; ;Sphagno-Caricetum appropinquatae (Swartz 1948) Rybnicek 1974;
 ; ; ;Caricetum cespitosae Jaatinen 1950;
 ; ; ;Lysimachio thyrsiflorae-Caricetum aquatilis Neumann ex Dierschke 1967;
 ; ; ;Carex disticha-Caricion lasiocarpae-Gesellschaft ;
 ;Caricetalia nigrae W. Koch 1926 em. Br.-Bl. 1949 nom. mutat. propos.;;;
 ; ;Caricion nigrae W. Koch 1926 em. Klika 1934 nom. mutat. propos.;;
 ; ; ;Eriophoretum scheuchzeri Fries 1913;
 ; ; ;Caricetum nigrae Braun 1915 nom. mutat. propos.;
 ; ; ; ;Caricetum nigrae (Caricetum nigrae s.str.) 
 ; ; ; ;"Caricetum nigrae (""Carici canescenti-Agrostietum caninae Tx. 1937"") "
 ; ; ; ;"Caricetum nigrae (""Salici argenteae-Caricetum nigrae Tx. et Hermann 1939"") Braun 1915 nom. mutat. propos."
 ; ; ;Parnassio-Caricetum nigrae Oberd. 1957;
 ; ; ;Bartsio-Caricetum nigrae Bartsch 1949;
 ; ; ; ;"Bartsio-Caricetum nigrae (""Drepanoclado-Trichophoretum cespitosi Nordhag. 1928"") "
 ; ; ;Caricetum trinervi-nigrae Westhoff 1947;
 ;Caricetalia davallianae Br.-Bl. 1949;;;
 ; ;Caricion davallianae Klika 1934;;
 ; ; ;Junco subnodulosi-Schoenetum nigricantis Allorge 1921 nom. invers. et mutat. propos.;
 ; ; ; ;Junco subnodulosi-Schoenetum nigricantis, Küstenausbildung mit Juncus balticus 
 ; ; ; ;Junco subnodulosi-Schoenetum nigricantis, excl. Küstenausbildung 
 ; ; ;Juncetum subnodulosi W. Koch 1926 em. Oberd. 1957;
 ; ; ;Primulo-Schoenetum ferruginei Oberd. 1957;
 ; ; ;Caricetum davallianae Dutoit 1924;
 ; ; ;Caricetum frigidae Rübel 1911;
 ; ; ;Astero bellidiastri-Saxifragetum mutatae Usinger et Wigger 1961;
 ; ; ;Bartsio-Caricetum davallianae Dietl 1972;
 ; ; ;Eleocharitetum quinqueflorae Lüdi 1921 nom. mutat. propos.;
 ; ; ;Parnassio-Juncetum atricapilli Westhoff ex Westhoff et al. 1995;
 ; ;Caricion maritimae Br.-Bl. in Volk 1939;;
 ; ; ;Juncetum alpini Philippi 1960;
 ; ; ;Equiseto-Typhetum minimae Br.-Bl. in Volk 1940;
 ; ; ;Caricetum microglochinis Nordhagen (1928) 1943;
 ; ; ;Carex capitata-Gesellschaft ;
 ; ; ;Caricetum maritimae Br.-Bl. 1918  [-];
 ; ; ;Carici maritimae-Juncetum baltici Vanden Berghen 1969  [-];
 ; ; ;Juncus arcticus-Gesellschaft   [-];
Molinio-Arrhenatheretea Tx. 1937 em. Tx. 1970;;;;
 ;Molinietalia caeruleae W. Koch 1926;;;
 ; ; ;Sanguisorba officinalis-Silaum silaus-Gesellschaft ;
 ; ;Calthion Tx. 1937;;
 ; ; ;Crepido-Juncetum acutiflori Oberd. 1957;
 ; ; ; ;"Crepido-Juncetum acutiflori (""Anagallido tenellae-Juncetum acutiflori"") "
 ; ; ; ;"Crepido-Juncetum acutiflori (""Caro verticillati-Juncetum acutiflori"") "
 ; ; ; ;"Crepido-Juncetum acutiflori (""Cirsio dissecti-Molinietum"") "
 ; ; ; ;Crepido-Juncetum acutiflori molinietosum 
 ; ; ;Bromo-Senecionetum aquatici Lenski 1953;
 ; ; ;Scirpus sylvaticus-Gesellschaft ;
 ; ; ;Angelico-Cirsietum oleracei Tx. 1937;
 ; ; ;Scirpo-Cirsietum cani Bal.-Tul. 1973 Balátová-Tulácková 1973;
 ; ;Filipendulion ulmariae Segal ex Lohmeyer in Oberd. et al. 1967;;
 ; ; ;Geranio sylvatici-Chaerophylletum hirsuti Kästner 38 em. Niemann et al. 1973;
 ; ; ;Filipendulo-Geranietum palustris W. Koch 1926;
 ; ; ;Valeriano-Polemonietum caerulei Rosskamp 1971;
 ; ; ;Valeriano-Filipenduletum Sissingh in Westhoff et al. 1946 ex van Donselaar 1961;
 ; ;Molinion caeruleae W. Koch 1926;;
 ; ; ;Molinietum caeruleae W. Koch 1926;
 ; ;Cnidion dubii Balátová-Tulacková 1966;;
 ; ; ;Cnidio-Deschampsietum cespitosae Hundt ex Passarge 1960;
 ;Arrhenatheretalia Tx. 1931;;;
 ; ; ;Ranunculus repens-Alopecurus pratensis-Gesellschaft ;
 ; ; ;Poa pratensis-Trisetum-Gesellschaft ;
 ; ; ;Festuca rubra-Agrostis tenuis-Gesellschaft (sensu Glavac 1983);
 ; ; ;Cichorium intybus-Gesellschaft   [-];
 ; ;Arrhenatherion elatioris W. Koch 1926;;
 ; ; ;Arrhenatheretum elatioris Braun 1915;
 ; ; ;Artemisia vulgaris-Arrhenatheretum-Gesellschaft ;
 ; ; ;Leucanthemum-Rumex thyrsiflorus-Gesellschaft (sensu Walther (in Tx. 1955) ex Walther 1977);
 ; ; ;Filipendulo-Ranunculetum polyanthemi (Hundt 1958) Passarge 1960 nom. prov.;
 ; ;Polygono-Trisetion Br.-Bl. et Tx. ex Marschall 1947 nom. invers. propos.;;
 ; ; ;Geranio sylvatici-Trisetetum R. Knapp ex Oberd. 1957;
 ; ; ; ;"Geranio sylvatici-Trisetetum (""Astrantio-Trisetetum"") "
 ; ; ;Festuca rubra-Meum-Gesellschaft ;
 ; ; ;Phleo alpini-Trisetetum   [-];
 ; ;Alchemillo-Poion supinae Ellmauer et Mucina 1993;;
 ; ; ;Alchemillo-Poetum supinae Aichinger 1933;
 ; ;Cynosurion cristati Tx. 1947;;
 ; ; ;Cynosuro-Lolietum Br.-Bl. et De Leeuw 1936;
 ; ; ; ;"Cynosuro-Lolietum (""Festuco commutatae-Cynosuretum"") Tx. in Büker 1942 em. Meis. 1966"
 ; ; ;Crepis capillaris-Festuca rubra-Gesellschaft (sensu Hülbusch et Kienast in Kienast 1978);
 ; ; ;Plantago major-Trifolium repens-Gesellschaft (sensu Oberd. 1971);
 ; ; ;Prunella vulgaris-Plantago major-Gesellschaft ;
 ; ; ;Juncetum tenuis (Diemont, Sissingh et Westhoff 1940) Tx. 1950 nom. mutat. propos.;
 ; ;Poion alpinae Oberd. 1950;;
 ; ; ;Crepido aureae-Festucetum commutatae Lüdi 1948;
 ; ; ;Trifolio-Festucetum violaceae Br.-Bl. in Br.-Bl. et Jenny 1926  [-];
Violetea calaminariae Br.-Bl. et Tx. 1943;;;;
 ;Violetalia calaminariae Br.-Bl. et Tx. 1943;;;
 ; ;Thlaspion calaminariae Ernst 1965;;
 ; ; ;Violetum calaminariae Schwickerath 1931;
 ; ; ;Minuartio-Thlaspietum alpestris Karl Koch 1932;
 ; ;Armerion halleri Ernst 1965;;
 ; ; ;Armerietum halleri Libbert 1930;
 ; ; ;Armerietum bottendorfensis Schubert 1952;
 ; ; ;Armerietum hornburgensis Schubert 1974;
Koelerio-Corynephoretea Klika in Klika et Novák 1941;;;;
 ;Corynephoretalia canescentis Klika 1934 em. Tx. 1962;;;
 ; ;Corynephorion canescentis Klika 1931 em. Tx. 1962;;
 ; ; ;Corniculario aculeatae-Coryneporetum canescentis Steffen 1931 nom. invers. propos.;
 ; ; ;Agrostietum vinealis Kobendza 1930 corr. Kratzert et Dengler 1999;
 ; ; ;Caricetum arenariae Steffen 1931;
 ;Artemisio-Koelerietalia albescentis Sissingh 1974;;;
 ; ;Koelerion albescentis Tx. 1937;;
 ; ; ;Tortulo ruraliformis-Phleetum arenarii Br.-Bl. et De Leeuw 1936;
 ;Thero-Airetalia Rivas Goday 1964;;;
 ; ;Thero-Airion Tx. ex Oberdorfer 1957;;
 ; ; ;Airetum praecocis Schwickerath ex Krausch 1968;
 ; ; ;Airo caryophylleae-Festucetum ovinae Tx 1961;
 ; ; ;Filagini-Vulpietum bromoides Oberdorfer 1938 em. Dengler nom mutat. propos.;
 ; ; ;Vulpietum myuri Philippi 1973;
 ; ; ;Narduretum lachenalii Korneck 1975  [-];
 ; ; ;Agrostio-Tuberarietum Schubert 1974;
 ;Trifolio arvensis-Festucetalia ovinae Moravec 1967;;;
 ; ;Hieracio-Festucion tenuifoliae Doing 1963 em. Dengler 2000;;
 ; ; ;Galio maritimi-Festucetum capillatae Br.-Bl. et De Leeuw 1936 nom. invers. propos.;
 ; ; ;Agrostio-Poetum humilis Tx. ex Menke 1969;
 ; ;Hyperico perforati-Scleranthion perennis Moravec 1967;;
 ; ; ;Festuco-Veronicetum vernae Oberd. ex Moravec 1967;
 ; ; ;Gentiano-Pimpinelletum saxifragae Tx. et Westhoff in Tx. 1967;
 ; ; ;Jasiono montanae-Dianthetum deltoidis Oberd. ex Mucina in Mucina et Kolbek 1993;
 ; ;Plantagini lanceolatae-Festucion brevipilae Passarge 1964 corr. Kratzert et Dengler 1999;;
 ; ; ;Diantho deltoidis-Armerietum elongatae Krausch ex Pötsch 1962 nom. conserv. propos.;
 ; ; ;Sileno otitis-Festucetum brevipilae Libbert 1933 corr. Kratzert et Dengler 1999 nom. invers. propos.;
 ;Sedo acris-Festucetalia Tx. 1951 em. Dengler 2000 nom. invers. propos.;;;
 ; ;Sileno conicae-Cerastion semidecandri Korneck 1974 em. Dengler 2000;;
 ; ; ;Bromo tectorum-Phleetum arenarii Korneck 1974;
 ; ; ;Sileno conicae-Cerastietum semidecandri Korneck 1974;
 ; ; ;Arabidopsietum thalianae Passarge 1964;
 ; ;Koelerion glaucae Volk 1931;;
 ; ; ;Helichryso arenarii-Jasionetum litoralis Libbert 1940;
 ; ; ;Festucetum polesicae Regel 1928;
 ; ; ;Jurineo cyanoidis-Koelerietum glaucae Volk 1930;
 ; ; ;Festuco psammophilae-Koelerietum glaucae Kobendza 1930;
 ;Alysso alyssoidis-Sedetalia albi Moravec 1967;;;
 ; ;Sedo-Scleranthion biennis Br.-Bl. 1955;;
 ; ; ;Sileno rupestris-Sedetum annui Oberd. 1957;
 ; ; ;Sclerantho-Sempervivetum arachnoidei Br.-Bl. 1955;
 ; ; ;Sempervivum tectorum-Gesellschaft ;
 ; ;Sedo albi-Veronicion dillenii Oberd. ex Korneck 1974;;
 ; ; ;Festuco-Veronicetum dillenii Oberd. 1957;
 ; ;Alysso alyssoidis-Sedion albi Oberd. et Th. Müller in Th. Müller 1961;;
 ; ; ;Cerastietum pumili Oberd. et Th. Müller in Th. Müller 1961;
 ; ; ;Alysso alyssoidis-Sedetum albi Oberd. et Th. Müller 1961;
 ; ; ;Poo badensis-Allietum montani Gauckler 1957;
 ; ; ;Saxifrago tridactylitae-Poetum compressae Géhu 1961 nom. invers. propos.;
 ; ; ;Sempervivetum soboliferi Korneck 1975;
 ; ;Diantho-Melicion ciliatae ;;
 ; ; ;Diantho-Festucetum pallentis Gauckler 1938;
 ; ; ;Artemisio-Melicetum ciliatae Korneck 1974;
 ; ; ;Teucrio botryos-Melicetum ciliatae Volk 1937;
Festuco-Brometea Br.-Bl. et Tx. in Br.-Bl. 1949;;;;
 ;Brachypodietalia pinnati Korneck 1974;;;
 ; ; ;Sesleria varia-Brachypodietalia pinnati-Gesellschaft ;
 ; ;Cirsio pannonici-Brachypodion pinnati Hadac et Klika in Klika & Hadac 1944;;
 ; ; ;Adonido vernalis-Brachypodietum pinnati (Libbert 1933) Krausch 1961;
 ; ; ;Adonis vernalis-Brachypodium rupestre-Gesellschaft ;
 ; ;Gentiano amarellae-Avenulion pratensis Royer ex Julve 1993 em. Dengler 2000;;
 ; ; ;Cirsio acaulis-Trifolietum montani Wollert 1964 em. Dengler 2000;
 ; ;Mesobromion erecti (Br.-Bl. et Moor 1938) Oberd. 1949;;
 ; ; ;Mesobrometum Br.-Bl. in Scherrer 1925;
 ; ; ;Gentiano-Koelerietum pyramidatae Knapp 1942 ex Bornkamm 1960 nom. conserv. propos.;
 ; ; ;Viscario-Avenetum pratenis Oberd. 1949;
 ; ;Koelerio-Phleion phleoidis Korneck 1974;;
 ; ; ;Genistello-Phleetum phleoidis Korneck 1974;
 ; ; ;Agrostio-Brometum Issler 1929  [-];
 ; ;Xerobromion (Br.-Bl. et Moor 1938) Moravec in Holub et al. 1967;;
 ; ; ;Xerobrometum Br.-Bl. 1915 em. 1931;
 ; ; ;Trinio-Caricetum humilis Volk in Br.-Bl. et Moor 1938;
 ; ; ;Artemisio albae-Koelerietum vallesianae Oberd. 1957 ex Witschel 1993  [-];
 ; ; ;Teucrio-Seslerietum Volk 1937;
 ; ; ;Bromo-Seslerietum (Kuhn 1937) Oberd. 1957 nom. invers. propos.;
 ;Festucetalia valesiacae Br.-Bl. et Tx. ex Br.-Bl. 1949 em. Mucina et Kolbek in Mucina et al. 1993;;;
 ; ;Festucion valesiacae Klika 1931 em. Klika 1955;;
 ; ; ;Potentillo arenariae-Stipetum capillatae . (Hueck 1931) Libbert 1933 nom. invers. propos.;
 ; ; ;Allio-Stipetum capillatae (Knapp 1944) Korneck 1974;
 ; ; ;Festuco valesiacae-Stipetum capillatae (Libbert 1931) Mahn 1959;
 ; ;Seslerio-Festucion pallentis Klika 1931 em. Korneck 1974;;
 ; ; ;Alysso montani-Festucetum pallentis Preising 1939 corr.;
 ; ; ;Allio stricti-Festucetum pannonicae Knapp 1971 corr. Oberd. 1979;
 ; ; ;Leontodonto-Brometum Volk in Br.-Bl. et Luser 1938;
 ; ; ;Carduo deflorati-Seslerietum albicantis variae Knapp 1971;
 ; ; ;Carlino-Caricetum sempervirentis Lutz et Paul 1947;
 ; ;Stipo-Poion xerophilae Br.-Bl. et Tx. 1943  [-];;
Seslerietea albicantis Br.-Bl. 1948 corr. Oberd. 1978;;;;
 ;Seslerietalia coeruleae Br.-Bl. in Br.-Bl. et Jenny 1926;;;
 ; ; ;Caricetum firmae Rübel 1911;
 ; ;Seslerion coeruleae Br.-Bl. in Br.-Bl. et Jenny 1926;;
 ; ; ;Seslerio-Caricetum sempervirentis Br.-Bl. in Br.-Bl. et Jenny 1926;
 ; ; ;Valeriano-Seslerietum Oberd. ex Grabherr et al. 1993;
 ; ; ;Genista pilosa-Sesleria varia-Gesellschaft ;
 ; ;Caricion ferrugineae G. Br.-Bl. et J. Br.-Bl. 1931;;
 ; ; ;Campanulo scheuchzeri-Festucetum noricae Isda 1986;
 ; ; ;Caricetum ferrugineae Lüdi 1921;
 ; ; ;Calamagrostis varia-Sesleria albicans-Gesellschaft ;
 ; ; ;Origano-Calamagrostietum variae Lippert ex Thiele 1978;
Carici rupestris-Kobresietea bellardii Ohba 1974 Ohba 1974;;;;
 ;Oxytropido-Kobresietalia Oberd. ex. Albrecht 1969;;;
 ; ;Oxytropido-Elynion Br.-Bl. 1949;;
 ; ; ;Elynetum myosuroidis Rübel 1911;
 ; ; ;Caricetum rupestris Pignatti et Pignatti 1985  [-];
 ; ; ;Elyno-Caricetum rosae Erschbamer 1992  [-];
 ; ; ;Agrostis alpina-Gesellschaft ;
Salicetea herbaceae Br.-Bl. 1948;;;;
 ;Salicetalia herbaceae Br.-Bl. in Br.-Bl. et Jenny 1926;;;
 ; ;Salicion herbaceae Br.-Bl. in Br.-Bl. et Jenny 1926;;
 ; ; ;Salicetum herbaceae Rübel 1911 em. 1933;
 ; ; ;Luzuletum alpinopilosae Br.-Bl. in Br.-Bl. et Jenny 1926;
 ; ; ;Poo-Cerastietum cerastioidis (Söyrinki 1954) Oberdorfer 1957;
 ; ; ;Nardo-Gnaphalietum supini J. Bartsch et M. Bartsch 1940;
 ; ; ;Polytrichetum sexangularis Frey 1922;
Caricetea curvulae Br.-Bl. 1948;;;;
 ;Caricetalia curvulae Br.-Bl. in Br.-Bl. et Jenny 1926;;;
 ; ;Caricion curvulae Br.-Bl. in Br.-Bl. et Jenny 1926;;
 ; ; ;Caricetum curvulae Rübel 1911;
 ; ; ;Festuca halleri-Gesellschaft   [-];
 ; ;Juncion trifidi Krajina 1933;;
 ; ; ;Agrostis rupestris-Juncus trifidus-Gesellschaft ;
 ; ; ;Juncus trifidus-Primula minima-Gesellschaft ;
 ;Festucetaliae spadiceae Barbero 1970;;;
 ; ;Agrostion schraderianae Grabherr 1993;;
 ; ; ;Pediculari recutitae-Agrostietum schraderianae Grabherr 1993;
Calluno-Ulicetea Br.-Bl. et Tx. ex Klika et Hadac 1944;;;;
 ;Nardetalia Oberd. ex Preising 1949;;;
 ; ;Violion caninae Schwickerath 1944;;
 ; ; ;Polygalo-Nardetum Oberd. 1957 em. Peppler 1992 nom. conserv. propos.;
 ; ; ; ;"Polygalo-Nardetum (""Polygalo-Nardetum Oberd. 1957"" s.str.) "
 ; ; ; ;"Polygalo-Nardetum (""Botrychio-Polygaletum vulgaris Preising 1950"") "
 ; ; ; ;"Polygalo-Nardetum (""Festuco-Genistetum sagittalis Issler 1929"") "
 ; ; ; ;"Polygalo-Nardetum (""Polygono vivipari-Chamaespartietum sagittalis"") "
 ; ; ; ;"Polygalo-Nardetum (""Aveno-Genistetum sagittalis Oberd. 1957"") "
 ; ; ;Juncetum squarrosi Nordhagen 1922 nom. conserv. propos.;
 ; ; ; ;Juncetum squarrosi (Juncetum squarrosi s.str.) 
 ; ; ; ;"Juncetum squarrosi (""Nardo-Gentianetum pneumonanthis Preising 1950"") "
 ; ; ;Galium harcynicum-Nardus stricta-Gesellschaft ;
 ; ;Nardion Br.-Bl. in Br.-Bl. et Jenny 1926;;
 ; ; ;Geo montani-Nardetum strictae Lüdi 1948 nom. mut. propos.;
 ; ; ;Leontodon helveticus-Nardus stricta-Gesellschaft ;
 ; ; ;Diphasium alpinum-Nardus stricta-Gesellschaft ;
 ; ; ;Pulsatilla alba-Nardus stricta-Gesellschaft (sensu Tx. 1937);
 ; ; ;Violo-Nardetum Issler 1927  [-];
 ;Vaccinio-Genistetalia Schubert 1960;;;
 ; ;Genistion pilosae Duvigneaud 1942;;
 ; ; ;Genisto pilosae-Callunetum Braun 1915 nom. invers. propos.;
 ; ; ;Genisto germanicae-Callunetum Oberd. 1957;
 ; ; ;Cytiso supini-Antennarietum Preising 1953;
 ; ; ;Vaccinio-Callunetum Büker 1942 nom. invers. propos.;
 ; ;Empetrion nigri Böcher 1943;;
 ; ; ;Hieracio-Empetretum Libbert 1940;
 ; ;Festucion variae Br.-Bl. 1925  [-];;
 ; ; ;Pulsatillo albae-Festucetum variae   [-];
 ; ; ;Festuca pseudodura-Bestände   [-];
Oxycocco-Sphagnetea Br.-Bl. et Tx. ex Westhoff et al. 1946;;;;
 ; ; ; ;Carex lasiocarpa-Pinus rotundata-Gesellschaft 
 ;Erico-Sphagnetalia papillosi Schwickerath 1940 em. Br.-Bl. 1949;;;
 ; ;Ericion tetralicis Schwickerath 1933;;
 ; ; ;Ericetum tetralicis (Allorge 1922) Jonas 1932;
 ; ; ;Sphagno compacti-Trichophoretum germanici (Oberd. 1938) Bartsch 1940 em. Dierßen in Oberd. 1977;
 ; ; ;Salici repentis-Ericetum (Tx. 1933) Tx. et Buchwald 1942;
 ; ;Oxycocco-Ericion ;;
 ; ; ;Erico-Sphagnetum magellanici (Osvald 1923) Moore 1968;
 ;Sphagnetalia magellanici (Pawlowski 1928) Kästner et Flössner 1933;;;
 ; ;Sphagnion magellanici Kästner et Flößner 1933;;
 ; ; ;Sphagnetum magellanici (Malcuit 1929) Kästner et Flößner 1933;
 ; ; ;Pino rotundatae-Sphagnetum Kästner et Flößner 1933 em. Neuhäusl 1969;
 ; ; ;Ledo-Sphagnetum magellanici Sukopp ex Neuhäusl 1969;
 ; ; ;Eriophoro-Trichophoretum cespitosi (Zlatnik 1928, Rudolf et al. 1928) Rübel 1933 em. Dierßen 1975;
 ; ; ;Eriophorum vaginatum-Gesellschaft ;
 ; ;Oxycocco-Empetrion hermaphroditi Nordhagen 1936  [-];;
Trifolio-Geranietea sanguinei Th. Müller 1962;;;;
 ;Origanetalia vulgaris Th. Müller 1961;;;
 ; ;Geranion sanguinei Tx. in Th. Müller 1961;;
 ; ; ;Geranio-Peucedanetum cervariae (Kuhn 1937) Th. Müller 1961;
 ; ; ; ;Geranio-Peucedanetum cervariae, Subass. von Dictamnus albus 
 ; ; ; ;"Geranio-Peucedanetum cervariae (""Serratulo tinctoriae-Peucedanetum cervariae"") "
 ; ; ; ;"Geranio-Peucedanetum cervariae (""Potentillo albae-Peucedanetum cervariae"") "
 ; ; ;Bupleuro longifolii-Laserpitietum latifolii Th. Müller in Oberd. 1978;
 ; ; ;Trifolio-Astragaletum ciceri Reichhoff in Hilbig, H.D. Knapp et Reichhoff 1982;
 ; ; ;Geranio-Anemonetum sylvestris Th. Müller 1961;
 ; ; ;Campanulo bononiensis-Vicietum tenuifoliae Krausch in Th. Müller 1962;
 ; ; ;Geranio-Trifolietum alpestris Th. Müller 1962;
 ; ; ;Calamintho-Laseretum trilobi Knapp 1976 nom. invers. propos.;
 ; ; ;Teucrio-Polygonatetum odorati Korneck 1974 em. Müller 1978;
 ; ;Trifolion medii Th. Müller 1962;;
 ; ; ;Trifolio medii-Agrimonietum Th. Müller 1962;
 ; ; ;Agrimonio-Vicietum cassubicae Passarge 1967;
 ; ; ;Trifolio medii-Melampyretum nemorosi Dierschke 1973;
 ; ; ;Vicietum sylvaticae Oberd. et Th. Müller ex Th. Müller 1962;
 ; ; ;Knautietum dipsacifoliae Oberd. ex Th. Müller 1978 corr. Oberd. et Th. Müller 1990;
 ;Melampyro-Holcetalia mollis Passarge 1979;;;
 ; ;Melampyrion pratensis Passarge 1979 em. Dengler 2000;;
 ; ; ;Holcus mollis-Teucrium scorodonia-Gesellschaft ;
Epilobietea angustifolii Tx. et Preising ex v. Rochow 1951;;;;
 ;Atropetalia Vlieger 1937;;;
 ; ;Carici piluliferae-Epilobion angustifolii Tx. 1950;;
 ; ; ;Epilobio-Digitalietum purpureae Schwickerath 1944;
 ; ; ;Senecioni sylvatici-Epilobietum angustifolii Tx. 1937;
 ; ; ;Digitali ambiguae-Calamagrostietum arundinaceae Sillinger 1933;
 ; ; ;Corydalido claviculatae-Epilobietum angustifolii Hülbusch et Tx. 1968;
 ; ; ;Calamagrostis epigejos-Gesellschaft ;
 ; ; ;Epilobium angustifolium-Calamagrostis arundinacea-Gesellschaft ;
 ; ; ;Trientalis europaea-Calamagrostis villosa-Gesellschaft Schlüter ex Hilbig et Wagner 1990;
 ; ;Atropion Br.-Bl. ex Aichinger 1933;;
 ; ; ;Epilobio-Atropetum bellae-donnae Tx. 1931 em. 1950;
 ; ; ;Arctietum nemorosi Tx. 1950;
 ; ; ;Digitali luteae-Atropetum Oberd. 1957;
Betulo-Adenostyletea Br.-Bl. et Tx. 1943 nom. conserv. propos.;;;;
 ;Adenostyletalia G. Br.-Bl. et J. Br.-Bl. 1931;;;
 ; ;Adenostylion alliariae Br.-Bl. 1926;;
 ; ; ;Salici appendiculatae-Aceretum pseudoplatani Oberd. 1957 nom. invers. propos.;
 ; ; ;Alnetum viridis Br.-Bl. 1918;
 ; ; ;Cicerbitetum alpinae Bolleter 1921;
 ; ; ;Salicetum waldsteinianae Beger 1922;
 ; ; ;Salicetum caesio-foetidae Br.-Bl. et al. 1964 corr. Gutermann et Mucina in Karner et Mucina 1993;
 ; ; ;Luzuletum desvauxii Issler 1936;
 ; ; ;Allium victoralis-Gesellschaft ;
 ; ; ;Epilobio duriaei-Adenostyletum (Issler 1936) Carbiener 1969  [-];
 ; ; ;Salicetum helveticae Br.-Bl. in Br.-Bl. et al. 1954  [-];
 ; ;Calamagrostion villosae Pawlowski et al. 1928;;
 ; ; ;Centaureo montanae-Calamagrostietum arundinaceae J. Bartsch et M. Bartsch 1940;
 ; ; ;Athyrietum distentifolii Nordhagen 1928;
 ; ; ;Hieracium aurantiacum-Calamagrostis villosa-Gesellschaft ;
 ; ; ;Ranunculus platanifolius-Calamagrostis villosa-Gesellschaft ;
Franguletea Doing ex Westhoff in Westhoff et den Held 1969;;;;
 ;Rubetalia plicati Weber in Pott 1995;;;
 ; ;Ulici-Sarothamnion Doing ex Weber 1997;;
 ; ; ;Rubo plicati-Sarothamnetum Weber 1987;
 ; ;Lonicero-Rubion silvatici Tüxen et Neumann ex Wittig 1977;;
 ; ; ;Rubetum grati Tüxen et Neumann ex Weber 1976;
 ; ; ;Rubetum silvatici Weber in Pott 1995;
 ; ; ;Rubetum sciocharitis Weber in Pott 1995;
 ; ; ;Rubetum pedemontani Weber in Pott 1995;
 ; ; ;Rubus plicatus-Frangula-Gesellschaft ;
 ; ; ;Rubus scissus-Salix aurita-Gesellschaft ;
 ; ; ;Salix repens-Salix aurita-Gesellschaft ;
 ; ; ;Rubus plicatus-Myrica gale-Gesellschaft ;
 ;Salicetalia auritae Doing ex Steffen 1968 nom. conserv. propos.;;;
 ; ;Salicion cinereae Th. Müller et Görs ex Passarge 1961;;
 ; ; ;Betuletum humilis Steffen 1931;
 ; ; ;Myricetum gale Jonas ex Dierschke 1969 nom. conserv. propos.;
 ; ; ;Frangulo-Salicetum auritae Tx. 1937;
 ; ; ;Salicetum pentandro-cinereae Passarge 1961;
 ; ; ;Frangulo-Salicetum cinereae Malcuit 1929;
 ; ; ;Salicetum cinereo-argenteae Weber et Preising in Weber 1998;
 ; ; ;Salix repens subsp. argentea-Salix aurita-Gesellschaft ;
Rhamno-Prunetea Rivas Goday et Borja Carbonell ex Tx. 1962;;;;
 ;Prunetalia spinosae Tx. 1952;;;
 ; ;Berberidion vulgaris Br.-Bl. 1950 Br.-Bl. 1950;;
 ; ; ;Cotoneastro-Amelanchieretum Faber ex Korneck 1974 nom. conserv. propos.;
 ; ; ;Pruno-Ligustretum Tx. 1952 nom. conserv. propos.;
 ; ; ;Coronillo-Prunetum mahaleb Gallandat 1972;
 ; ; ;Crataego-Prunetum fruticosae Soó 1951;
 ; ; ;Violo hirtae-Cornetum maris Hilbig et Klotz 1990;
 ; ; ;Roso vosagiacae-Coryletum Oberd. 1957;
 ; ; ;Berberido-Hippophaëtum fluviatilis Moor 1958 nom. invers. propos.;
 ; ; ;Pado-Coryletum Moor 1958;
 ; ; ;Salix purpurea-Viburnum opulus-Gesellschaft ;
 ; ; ;Ulmus minor-Gesellschaft ;
 ; ; ;Crataego-Prunetum spinosae Hueck 1931 nom. invers. propos.;
 ; ; ;Clematis vitalba-Corylus avellana-Gesellschaften ;
 ; ;Pruno-Rubion radulae Weber 1974;;
 ; ; ;Rosa canina-Juniperus communis-Gesellschaft ;
 ; ; ;Carici brizoidis-Coryletum Weber 1999;
 ; ; ;Prunus spinosa-Rubus albiflorus-Gesellschaft ;
 ; ; ;Pruno-Rubetum bifrontis Weber 1990;
 ; ; ;Pruno-Rubetum sprengelii Weber 1967;
 ; ; ;Pruno-Rubetum elegantispinosi Weber 1974;
 ; ; ;Pruno-Rubetum radulae Weber 1967;
 ; ; ;Rubus montanus-Prunus spinosa-Gesellschaft ;
 ; ; ;Pruno-Rubetum praecocis Weber 1986;
 ; ; ;Pruno-Rubetum vestiti Weber 1974;
 ;Sambucetalia racemosae Oberd. ex Passarge in Scamoni 1963;;;
 ; ;Senecioni ovati-Corylion Weber 1997;;
 ; ; ;Senecioni ovati-Coryletum Passarge 1979;
 ; ;Sambuco racemosae-Salicion capreae Tx. et Neumann ex Oberd. 1957;;
 ; ; ;Rubus idaeus-Gesellschaft ;
 ; ; ;Sambuco racemosae-Rubetum rudis Tx. et Neumann ex Weber 1999;
 ; ; ;Senecio fuchsii-Sambucetum racemosae Oberd. 1957;
 ; ; ;Salicetum capreae Schreier 1955;
 ; ; ;Sorbus aucuparia-Picea abies-Gesellschaft ;
Salicetea arenariae Weber 1999;;;;
 ;Salicetalia arenariae Preising et Weber 1997;;;
 ; ;Salicion arenariae Tx. ex Passarge et Scamoni 1943;;
 ; ; ;Hippophao-Salicetum arenariae Tx. 1937 nom. conserv. propos.;
 ; ; ;Roso pimpinellifoliae-Salicietum arenariae Passarge in Scamoni 1963;
 ; ; ;Polypodio-Salicetum arenariae Boerboom 1960, nom. conserv. propos.;
 ; ; ;Pyrolo-Salicetum repentis Westhoff 1947 ex Barendregt 1982 nom. conserv. propos.;
 ; ; ;Ammophila arenaria-Rosa rugosa-Gesellschaft ;
Salicetea purpureae Moor 1958;;;;
 ;Salicetalia purpureae Moor 1958;;;
 ; ; ;Salix purpurea-Gesellschaft ;
 ; ;Salicion eleagno-daphnoidis (Moor 1958) Grass 1993;;
 ; ; ;Myricarietum Jeník 1955;
 ; ; ;Salicetum eleagno-purpureae Sillinger 1933 nom. mut. propos.;
 ; ;Salicion albae Sóo 1930;;
 ; ; ;Salicetum triandrae Malcuit ex Noirfalise in Lebrun et al. 1955;
 ; ; ;Salicetum albae Issler 1926;
 ; ; ;Salicetum fragilis Passarge 1957;
Alnetea glutinosae Br.-Bl. et Tx. 1943;;;;
 ;Alnetalia glutinosae Tx. 1937;;;
 ; ; ;Rubus idaeus-Alnus glutinosa-Gesellschaft ;
 ; ;Alnion glutinosae Malcuit 1929;;
 ; ; ;Carici elongatae-Alnetum glutinosae Schwickerath 1933;
 ; ; ;Sphagno palustris-Alnetum Allorge ex Lemée 1939 em. Dinter et Mast in prep.;
Erico-Pinetea Horvat 1959;;;;
 ;Erico-Pinetalia Horvat 1959;;;
 ; ;Erico-Pinion sylvestris Br.-Bl. in Br.-Bl. et al. 1939 nom. invers. propos.;;
 ; ; ;Calamagrostio variae-Pinetum sylvestris Oberd. (1950) 1957 em. Hölzel 1996;
 ; ; ;Cephalanthera longifolia-Pinus mugo-Gesellschaft ;
 ; ; ;Molinia arundinacea-Pinus sylvestris-Gesellschaft ;
 ; ; ;Thesium bavarum-Pinus sylvestris-Gesellschaft ;
 ; ; ;Buphthalmum salicifolium-Pinus sylvestris-Gesellschaft ;
 ; ; ;Sanguisorba minor-Pinus sylvestris-Gesellschaft ;
 ; ; ;Anthericum liliago-Pinus nigra-Gesellschaft ;
 ; ;Erico-Pinion mugo Leibundgut 1948 nom. invers. propos.;;
 ; ; ;Rhodothamno-Rhododendretum hirsuti (Aichinger 1933) Br.-Bl. et Sissingh in Br.-Bl. et al. 1939 em. Wallnöfer 1993;
 ; ; ;Erico carneae-Pinetum uncinatae Br.-Bl. in Br.-Bl. et al. 1939 corr. Ellenberg et Klötzli 1972;
 ; ; ;Rhododendro hirsuti-Pinetum uncinatae Br.-Bl. in Br.-Bl. et al. 1939 corr. Ellenberg et Klötzli 1972;
Vaccinio-Piceetea Br.-Bl. in Br.-Bl. et al. 1939;;;;
 ;Piceetalia Pawlowski in Pawlowski et al. 1928;;;
 ; ;Dicrano-Pinion (Libbert 1932) Matuszkiewicz 1962 em. Heinken et Zippel 1999;;
 ; ; ;Peucedano-Pinetum Matuszkiewicz 1962;
 ; ; ;Empetro nigri-Pinetum Libbert 1940 nom. invers. propos.;
 ; ; ;Leucobryo-Pinetum Matuszkiewicz 1962 em. Heinken et Zippel 1999;
 ; ; ;Cladonio-Pinetum Juraszek 1927;
 ; ; ;Vaccinio vitis-idaeae-Pinetum sylvestris ;
 ; ; ;Deschampsia flexuosa-Pinus sylvestris-Gesellschaft ;
 ; ; ;Betula pubescens-Sorbus aucuparia-Gesellschaft ;
 ; ;Piceion abietis Pawlowski in Pawlowski et al. 1928;;
 ; ; ;Luzulo nemorosae-Piceetum (Schmid et Gaisberg 1936) Br.-Bl. et Sissingh in Br.-Bl. et al. 1939;
 ; ; ;Vaccinio-Abietetum Oberd. 1957;
 ; ; ;Calamagrostio villosae-Fagetum Mikyska 1972;
 ; ; ;Bazzanio-Piceetum Br.-Bl. et Sissingh in Br.-Bl. et al. 1939;
 ; ; ;Soldanello montanae-Piceetum Volk in Br.-Bl. et al. 1939;
 ; ; ;Larici-Piceetum (Br.-Bl. et al. 1954) Ellenberg et Klötzli 1972;
 ; ; ;Adenostylo glabrae-Piceetum M. Wraber ex Zukrigl 1973;
 ; ; ;Asplenio-Piceetum Kuoch 1954;
 ; ;Rhododendro-Vaccinion J. Br.-Bl. ex G. Br.-Bl. et J. Br.-Bl. 1931;;
 ; ; ;Calamagrostio villosae-Pinetum mugi Pawlowski 1927 corr. Hartmann 1957;
 ; ; ;Rhododendretum ferruginei Rübel 1911;
 ; ; ;Vaccinio-Pinetum cembrae (Pallm. et Hafft. 1933) Oberd. 1962;
 ; ;Betulion pubescentis Lohmeyer et Tx. ex Scamoni et Passarge 1959;;
 ; ; ;Vaccinio uliginosi-Betuletum pubescentis Libbert 1933 em. Mast 1999;
 ; ;Linnaeo-Piceion Br.-Bl. et Sissingh in Br.-Bl. et al. 1939 corr. Oberd. 1979  [-];;
Loiseleurio-Vaccinietea Eggler 1952;;;;
 ;Rhododendro-Vaccinietalia Br.-Bl. in Br.-Bl. et Jenny 1926;;;
 ; ;Loiseleurio-Vaccinion Br.-Bl. in Br.-Bl. et Jenny 1926;;
 ; ; ;Empetro hermaphroditi-Vaccinietum gaultherioidis Br.-Bl. in Br.-Bl. et Jenny 1936 corr. Grabherr 1993;
 ; ; ;Arctostaphylo alpinae-Loiseleurietum Oberd. 1950;
Querco-Fagetea Br.-Bl. et Vlieger in Vlieger 1937;;;;
 ;Quercetalia roboris Tx. 1931;;;
 ; ;Quercion roboris Malcuit 1929;;
 ; ; ;Betulo pendulae-Quercetum roboris Tx. 1930 nom. invers. propos.;
 ; ; ;Deschampsio flexuosae-Quercetum roboris Passarge 1966;
 ; ; ;Genisto tinctoriae-Quercetum (petraeae) Klika 1932;
 ; ; ;Calamagrostio arundinaceae-Quercetum petraeae (Hartmann 1934) Scamoni et Passarge 1959;
 ; ; ;Cladonio portentosae-Quercetum Pallas 1996;
 ; ;Luzulo-Fagion Lohmeyer et Tx. in Tx. 1954;;
 ; ; ;Luzulo-Fagetum Meusel 1937 em. Heinken 1995;
 ;Quercetalia pubescentis Klika 1933;;;
 ; ;Quercion pubescenti-petraeae Br.-Bl. 1932 nom. mut. propos.;;
 ; ; ;Quercetum pubescenti-petraeae Imchenetzky 1926 nom. invers. propos.;
 ; ; ;Aceri monspessulani-Quercetum petraeae Oberd. 1957;
 ; ;Potentillo albae-Quercion petraeae Zolyomi et Jakucs 1957 nom. nov. Jakucs 1967;;
 ; ; ;Potentillo albae-Quercetum petraeae Libbert 1933 em. Th. Müller 1992;
 ; ; ;Cytiso nigricantis-Quercetum roboris (Oberd. 1957) Th. Müller in Oberd. 1992;
 ; ; ;Genista sagittalis-Quercus petraea-Gesellschaft ;
 ;Fagetalia sylvaticae Pawlowski in Pawlowski, Sokolowski et Wallisch 1928;;;
 ; ;Alno-Ulmion minoris Br.-Bl. et Tx. 1943 nom. conserv. propos.;;
 ; ; ;Alnetum incanae Lüdi 1921;
 ; ; ;Stellario nemorum-Alnetum glutinosae Lohmeyer 1957;
 ; ; ;Pruno-Fraxinetum Oberd. 1953 nom. conserv. propos.;
 ; ; ;Circaeo-Alnetum glutinosae Oberd. 1953;
 ; ; ;Carici remotae-Fraxinetum W. Koch 1926 ex Faber 1936 em. Mast 1999;
 ; ; ;Querco-Ulmetum Issler 1924;
 ; ;Carpinion betuli Issler 1931;;
 ; ; ;Stellario-Carpinetum Oberd. 1957;
 ; ; ;Galio-Carpinetum Oberd. 1957;
 ; ; ;Carici-Tilietum cordatae Th. Müller et Görs 1958;
 ; ;Tilio platyphylli-Acerion pseudoplatani Klika 1955;;
 ; ; ;Aceri-Tilietum platyphylli Faber 1936 nom. conserv. propos.;
 ; ; ;Sorbo ariae-Aceretum pseudoplatani Moor 1952;
 ; ; ;Fraxino-Aceretum W. Koch 1926 ex Tx. 1937;
 ; ; ;Ulmo glabrae-Aceretum pseudoplatani Issler 1926;
 ; ; ;Carici pendulae-Aceretum pseudoplatani Oberd. 1957;
 ; ;Fagion sylvaticae Luquet 1926;;
 ; ;Eu-Fagenion Oberd. 1957;;
 ; ; ;Asperulo odorati-Fagetum Sougnez et Thill 1959;
 ; ;Daphno-Fagenion Th. Müller 1966;;
 ; ; ;Hordelymo-Fagetum Kuhn 1937 em. Dierschke 1989;
 ; ; ;Aposerido-Fagetum Oberd. 1950 ex Oberd. 1957;
 ; ; ;Dentario heptaphylli-Fagetum (Moor 1952) Th. Müller 1966;
 ; ;Galio rotundifolii-Abietenion Oberd. 1962;;
 ; ; ;Galio rotundifolii-Abietetum Wraber 1955 nom. conserv. propos.;
 ; ; ;Adenostylo glabrae-Abietetum H. Mayer et A. Hofmann 1969;
 ; ; ;Pyrolo-Abietetum Oberd. 1957;
 ; ;Cephalanthero-Fagenion (Tx. 1955) Tx. et Oberd. 1958;;
 ; ; ;Carici-Fagetum Moor 1952;
 ; ; ;Seslerio-Fagetum Moor 1952;
Platyhypnidio-Fontinalietea Philippi 1956;;;;
 ;Leptodictyetalia riparii Philippi 1956;;;
 ; ;Fontinalion antipyreticae W. Koch 1936;;
 ; ; ;Fontinalietum antipyreticae Greter 1936;
 ; ; ;Octodiceratetum juliani Krusenstjerna ex Hübschmann 1953;
 ; ; ;Oxyrrhynchietum rusciformis Kaiser ex Hübschmann 1953;
 ; ; ;Fontinali-Pachyfissidentetum grandifrontis Koch 1936;
 ; ;Cinclidotion fontinaloidis Philippi 1956;;
 ; ; ;Cinclidotetum fontinaloidis Gams ex Hübschmann 1953;
 ; ; ;Cinclidotetum aquatici Philippi 1956;
 ; ; ;Cinclidotetum danubici Empain 1973;
 ; ; ;Leptodictyo-Fissidentetum crassipedis Allorge ex Philippi 1956;
 ;Hygrohypnetalia Krajina 1933 em. Geissler 1976;;;
 ; ;Racomitrion acicularis Krusenstjerna 1945;;
 ; ; ;Scapanietum undulatae Schwickerath 1944;
 ; ; ;Hygrohypnetum ochracei Hertel 1974;
 ; ; ;Philonotido-Hygrohypnetum dilatati Plamada 1974;
 ; ; ;Solensotomo cordifoliae-Scapanietum undulatae Philippi 1956;
 ; ; ;Mnio-Hyocomietum armorici Schumacker et al. 1981;
 ;Brachythecietalia plumoso-rivularis Drehwald 1990;;;
 ; ;Brachythecion plumosi Drehwald 1990;;
 ; ; ;Brachythecietum plumosi Krusenstjerna ex Philippi 1956;
 ; ; ;Madothecetum cordaeanae Philippi 1956;
 ; ;Brachythecion rivularis Hertel 1974;;
 ; ; ;Brachythecio rivularis-Hygrohypnetum luridi Philippi 1956;
 ; ; ;Pellio-Cratoneuretum filicini Maas ex v.d. Dunk 1972;
 ;Leskeetalia polycarpae Lecointe 1976;;;
 ; ;Leskeion polycarpae Barkman 1958;;
 ; ; ;Syntrichio latifoliae-Leskeetum polycarpae Hübschmann 1952;
Adiantetea Br.-Bl. 1948;;;;
 ;Adiantetalia Br.-Bl. 1948;;;
 ; ;Cratoneurion commutati W. Koch 1928;;
 ; ; ;Cratoneuretum commutati Aichinger 1933 nom. prov.;
 ; ; ;Eucladietum verticillati Allorge ex Braun 1968;
 ; ; ;Catoscopietum nigriti Braun 1968;
 ; ;Philonotidion seriatae Hinterlang 1992;;
 ; ; ;Cratoneuro-Philonotidetum seriatae Geissler 1976;
 ; ; ;Mniobryetum albicantis Smarda 1950;
 ; ; ;Scapanietum uliginosae (Sjörs 1946) Dahl 1957;
Schistidietea apocarpi Jezek et Vondrácek 1962 em. Drehwald 1990;;;;
 ;Schistidietalia apocarpi Jezek et Vondrácek 1962 em. Hertel 1974;;;
 ; ;Schistidion apocarpi Jezek et Vondrácek 1962;;
 ; ; ;Tortuletum muralis Waldheim 1944;
 ; ; ;Grimmietum orbicularis Allorge ex Demaret 1944;
 ; ; ;Pseudoleskeelletum catenulatae Jezek et Vondrácek 1962;
 ; ; ;Grimmietum tergestinae Smarda 1947;
 ; ; ;Syntrichio calcicolae-Grimmietum anodontis Giacomini 1939 nom. invers. propos.;
 ; ; ;Grimmietum plagiopodiae Marstaller 1980;
 ; ; ;Orthotrichetum rupestris (Philippi 1961) Sjögren 1964;
 ; ;Crossidion squamiferi Giacomini 1951;;
 ; ; ;Crossidietum squamigeri Giacomini 1951;
 ; ; ;Tortuletum atrovirentis Giacomini 1951;
 ;Ctenidietalia mollusci Hadac & Smarda in Klika et Hadac 1944;;;
 ; ;Ctenidion mollusci Stefureac 1941;;
 ; ; ;Gymnostometum rupestris Philippi 1965;
 ; ; ;Amphidietum mougeotii Gams 1927;
Racomitrietea heterostichi Neumayr 1971;;;;
 ;Racomitrietalia heterostichi Philippi 1956;;;
 ; ;Grimmion commutatae Krusenstjerna 1945;;
 ; ; ;Hedwigietum albicantis Greter 1936;
 ; ; ;Grimmietum commutato-campestris Giacomini 1939;
 ; ; ;Grimmietum ovatae Nörr 1969;
 ; ; ;Coscinodontetum cribrosi Hübschmann 1955;
 ; ; ;Grimmietum montanae Krusenstjerna 1945;
 ; ; ;Ptychomitrietum polyphyllae Hübschmann 1971;
 ; ;Andreaeion rupestris Smarda in Klika et Hadac 1944;;
 ; ; ;Andreaeetum petrophilae Frey 1922;
 ; ; ;Gymnomitrietum concinnati Philippi 1956;
 ; ;Racomitrion lanuginosi Krusenstjerna 1945;;
 ; ; ;Racomitrietum lanuginosi Preis 1937;
 ; ;Schistidion maritimi ;;
 ; ; ;Schistidietum maritimi ;
Cladonio-Lepidozietea reptantis Jezek et Vondrácek 1962;;;;
 ;Dicranelletalia cerviculatae Hübschmann 1957;;;
 ; ;Dicranellion cerviculatae Hübschmann 1957;;
 ; ; ;Dicranello-Campylopodetum pyriformis Herzog ex Hübschmann 1957;
Ceratodonto-Polytrichetea piliferi Mohan 1978 emend. Drehwald 1993;;;;
 ;Polytrichetalia piliferi Hübschmann 1975;;;
 ; ;Ceratodonto-Polytrichion piliferi Waldheim 1947;;
 ; ; ;Rhacomitrio-Polytrichetum piliferi Herzog ex Hübschmann 1967;
 ; ; ;Brachythecietum albicantis Gams ex Neumayr 1971;
 ; ; ;Pohlio-Leptodontietum flexifoliae Barkman et Ringelberg-Giesen 1959 nom. invers. propos.;
Psoretea decipientis Mattick ex Follmann 1974 em. Drehwald 1993;;;;
 ;Barbuletalia unguiculatae Hübschmann 1960;;;
 ; ;Phascion cuspidatae Waldheim 1944;;
 ; ; ;Pottietum truncatae Waldheim 1944;
 ; ; ;Pottietum davallianae Kühner ex Marstaller 1981;
 ; ; ;Dicranelletum rubrae Giacomini 1939;
 ; ;Grimaldion fragrantis Smarda et Hadac 1944;;
 ; ; ;Barbuletum convolutae Hadac et Smarda 1944;
 ; ; ;Tortelletum inclinatae Greter 1936;
 ; ; ;Aloinetum rigidae Stodiek 1937;
 ; ; ;Astometum crispi Krusenstjerna 1945;
 ; ; ;Weisietum crispatae Neumayr 1971;
 ; ; ;Tortuletum revolventis Marstaller 1980;
 ; ; ;Weisietum tortilis Neumayr 1971;
 ; ; ;Weisietum controversae Marstaller 1988;
Funarietea hygrometricae Hübschmann 1957;;;;
 ;Funarietalia hygrometricae Hübschmann 1957;;;
 ; ;Funarion hygrometricae Hübschmann 1957;;
 ; ; ;Funarietum hygrometricae Engel 1949;
 ; ; ;Pottietum heimii Gams ex Hübschmann 1960;
 ; ;Physcomitrellion patentis Hübschmann 1957;;
 ; ; ;Riccio-Physcomitrelletum patentis Allorge ex Hübschmann 1957;
 ; ; ;Physcomitrietum pyriformis Waldheim 1944;
 ; ; ;Pseudephemero nitidi-Physcomitrietum eurystomi Marstaller 1989;
 ;Splachnetalia lutei Hadac in Klika et Hadac ex Hübschmann 1957;;;
 ; ; ;Splachnion lutei Hadac in Klika et Hadac ex Hübschmann 1957;
 ; ; ;Splachnetum ampullacei Hübschmann 1957;
 ; ; ;Taylorietum tenuis Marstaller 1987;
