taxon;vernacular.name;law.s;rl.s;remarks
Abies alba;Edel-Tanne;;3;
Acer campestre;Feld-Ahorn;;3;
Achillea clavennae;Steinraute;;5;ungefährdet - in der Grauwackenzone: potenziell gefährdet
Achnatherum calamagrostis;Raugras;;4;
Aconitum degenii ssp. paniculatum;Gewöhnlicher Rispen-Eisenhut;3;;
Aconitum degenii ssp. paniculatum var. laxiflorum;Lockerblütiger Gewöhnlicher Rispen-Eisenhut;3;;
Aconitum degenii ssp. paniculatum var. turrachense;Turracher Rispen-Eisenhut;3;;
Aconitum napellus;Echt-Eisenhut;3;;
Aconitum napellus ssp. formosum;Schöner Echt-Eisenhut;3;3;
Aconitum napellus ssp. lobelii;Mariazeller Echt-Eisenhut;3;;
Aconitum napellus ssp. napellus;Eigentlicher Echt-Eisenhut;3;5;potenziell gefährdet - im Flachgau: stark gefährdet
Aconitum tauricum;Tauern-Eisenhut;3;;
Aconitum tauricum ssp. latemarense;Südtiroler Tauern-Eisenhut;3;;
Aconitum tauricum ssp. tauricum;Eigentlicher Tauern-Eisenhut;3;;
Aconitum tauricum ssp. tauricum var. tauricum;Eigentlicher Tauern-Eisenhut;3;;
Acorus calamus;Arznei-Kalmus;2;;
Adonis aestivalis;Sommer-Adonis;;0;
Adonis flammea;Scharlach-Adonis;;0;
Aethionema saxatile;Felsen-Steintäschel;;0;
Agrimonia procera;Duft-Odermennig;;4;
Agrostemma githago;Kornrade;;0;
Agrostis agrostiflora;Schilf-Straußgras;;5;ungefährdet - in den Kalkalpen: potenziell gefährdet
Agrostis canina;Sumpf-Straußgras;;4;
Ajuga genevensis;Zottel-Günsel;;3;
Alchemilla alpina;Alpen-Silbermantel;;5;ungefährdet - in den Kalkalpen: potenziell gefährdet
Alchemilla alpina agg.;Sammelart Alpen-Silbermantel;;5;ungefährdet - in den Kalkalpen: potenziell gefährdet
Alchemilla anisiaca;Ennstal-Silbermantel;;5;ungefährdet - in den Niederen Tauern: potenziell gefährdet
Alchemilla conjuncta agg.;Sammelart Verbundener Frauenmantel;;5;ungefährdet - in der Grauwackenzone und den Niederen Tauern: potenziell gefährdet
Alchemilla hoppeana;Kalk-Silbermantel;;5;ungefährdet - in der Grauwackenzone und den Niederen Tauern: potenziell gefährdet
Alchemilla nitida;Glanz-Silbermantel;;4;
Alchemilla pallens;Blassgrün-Silbermantel;;5;ungefährdet - in der Grauwackenzone und den Niederen Tauern: potenziell gefährdet
Alisma plantago-aquatica;Gewöhnlich-Froschlöffel;;3;
Allium angulosum;Kanten-Lauch;;0;
Allium carinatum;Kiel-Lauch;;5;ungefährdet - im Inneren Salzachtal: ausgerottet, erloschen, verschollen
Allium carinatum ssp. carinatum;Eigentlicher Kiel-Lauch;;5;ungefährdet - im Inneren Salzachtal: ausgerottet, erloschen, verschollen
Allium oleraceum;Glocken-Lauch;;5;ungefährdet - im Flachgau, den Kalkalpen und im Inneren Salzachtal: gefährdet
Allium strictum;Steif-Lauch;;4;
Anacamptis coriophora;Wanzen-Hundswurz;2;0;
Anacamptis coriophora ssp. coriophora;Eigentliche Wanzen-Hundswurz;2;0;
Anacamptis morio;Klein-Hundswurz;2;1;
Anacamptis palustris;Sumpf-Hundswurz;2;0;
Anacamptis palustris ssp. palustris;Eigentliche Sumpf-Hundswurz;2;0;
Anagallis tenella;Zart-Gauchheil;;1;
Andromeda polifolia;Europa-Rosmarinheide;;3;
Androsace alpina;Alpen-Mannsschild;1;5;ungefährdet - in der Grauwackenzone: potenziell gefährdet
Androsace chamaejasme;Wimper-Mannsschild;1;;
Androsace hausmannii;Dolomiten-Mannsschild;1;4;
Androsace helvetica;Schweiz-Mannsschild;1;;
Androsace lactea;Milch-Mannsschild;1;;
Androsace obtusifolia;Stumpfblatt-Mannsschild;1;;
Androsace wulfeniana;Wulfen-Mannsschild;1;4;
Anemonastrum narcissiflorum;Alpen-Berghähnlein;1;;
Anemone baldensis;Baldo-Windröschen;;4;
Anemone ranunculoides;Gelb-Windröschen;;5;ungefährdet - in der Grauwackenzone: gefährdet
Anemone trifolia;Dreiblättchen-Anemone;;3;
Anthemis cotula;Stink-Hundskamille;;2;
Apera spica-venti;Gewöhnlich-Windhalm;;3;
Aposeris foetida;Stinklattich;;5;ungefährdet - in den Niederen Tauern: potenziell gefährdet
Aquilegia atrata;Schwarzviolett-Akelei;1;;
Aquilegia vulgaris;Gewöhnlich-Akelei;1;;
Aquilegia vulgaris agg.;Sammelart Gewöhnlich-Akelei;1;;
Arabis sagittata;Pfeil-Gänsekresse;;3;
Arabis sudetica;Sudeten-Gänsekresse;;4;
Arenaria marschlinsii;Alpen-Sandkraut;;4;
Arnica montana;Arnika;3;5;ungefährdet - im Flachgau: stark gefährdet
Artemisia absinthium;Echt-Wermut;;5;ungefährdet - im Flachgau: potenziell gefährdet
Artemisia campestris;Feld-Wermut;;3;
Artemisia genipi;Schwarz-Edelraute;1;;
Artemisia genipi x mutellina;Hybride Schwarz- mit Echt-Edelraute;1;;
Artemisia mutellina;Echt-Edelraute;1;;
Asarum europaeum ssp. caucasicum;Kaukasus-Haselwurz;;4;
Asperula cynanchica;Hügel-Meier;;2;
Asplenium adulterinum;Grünspitz-Streifenfarn;5;1;
Asplenium cuneifolium;Serpentin-Streifenfarn;;1;
Asplenium scolopendrium;Hirschzunge;2;;
Asplenium scolopendrium ssp. scolopendrium;Eigentlich-Hirschzunge;2;;
Aster alpinus;Alpen-Aster;2;5;ungefährdet - in den Kalkalpen: potenziell gefährdet
Astragalus cicer;Kicher-Tragant;;4;
Astragalus norvegicus;Norwegen-Tragant;;4;
Astrantia major;Groß-Sterndolde;;5;ungefährdet - in den Hohen Tauern: potenziell gefährdet
Astrantia major var. involucrata;Kärntner Groß-Sterndolde;;5;ungefährdet - in den Hohen Tauern: potenziell gefährdet
Astrantia major var. major;Gewöhnliche Groß-Sterndolde;;5;ungefährdet - in den Hohen Tauern: potenziell gefährdet
Aulacomnium palustre;Sumpf-Streifensternmoos;;3;
Avena fatua;Flug-Hafer;;3;
Avenula adsurgens;Aufsteige-Wiesenhafer;;4;
Avenula adsurgens ssp. ausserdorferi;Südtiroler Aufsteige-Wiesenhafer;;4;
Avenula pratensis;Kahl-Wiesenhafer;;2;
Avenula pratensis ssp. pratensis;Gewöhnlicher Kahl-Wiesenhafer;;2;
Ballota nigra;Gewöhnlich-Schwarznessel;;4;
Ballota nigra ssp. meridionalis;Kurzzähnige Gewöhnlich-Schwarznessel;;4;
Ballota nigra ssp. nigra;Langzähnige Gewöhnlich-Schwarznessel;;4;
Berula erecta;Berle;;3;
Betonica officinalis;Echt-Betonie;;5;ungefährdet - im Inneren Salzachtal und Lungau: vom Aussterben bedroht
Betonica officinalis ssp. officinalis;Eigentliche Echt-Betonie;;5;ungefährdet - im Inneren Salzachtal und Lungau: vom Aussterben bedroht
Betula humilis;Strauch-Birke;;0;
Betula nana;Zwerg-Birke;2;5;stark gefährdet - im Flachgau: ausgerottet, erloschen, verschollen
Betula pubescens;Moor-Birke;;3;
Betula pubescens ssp. pubescens;Eigentliche Moor-Birke;;3;
Bidens cernua;Nick-Zweizahn;;2;
Bidens tripartita;Dreiteil-Zweizahn;;3;
Bidens tripartita ssp. tripartita;Eigentlicher Dreiteil-Zweizahn;;3;
Blysmus compressus;Quetsch-Quellbinse;;5;ungefährdet - im Flachgau: stark gefährdet
Botrychium lanceolatum;Lanzett-Rautenfarn;2;;
Botrychium lanceolatum ssp. lanceolatum;Eigentlicher Lanzett-Rautenfarn;2;;
Botrychium lunaria;Mond-Rautenfarn;2;5;ungefährdet - im Flachgau: vom Aussterben bedroht
Botrychium matricariifolium;Ästig-Rautenfarn;2;1;
Botrychium multifidum;Vielzipfel-Rautenfarn;2;1;
Botrychium simplex;Einfach-Rautenfarn;5;;
Botrychium virginianum;Virginien-Rautenfarn;2;1;
Brachypodium rupestre;Felsen-Zwenke;;4;
Brachypodium rupestre ssp. rupestre;Gewöhnliche Felsen-Zwenke;;4;
Braya alpina;Alpen-Breitschote;;4;
Bromus arvensis;Acker-Trespe;;1;
Bromus arvensis ssp. arvensis;Eigentliche Acker-Trespe;;1;
Bromus commutatus;Verwechsel-Trespe;;2;
Bromus erectus;Aufrecht-Trespe;;5;gefährdet - im Lungau: stark gefährdet
Bromus ramosus;Große Wald-Trespe;;4;
Bromus secalinus;Roggen-Trespe;;1;
Bromus secalinus ssp. secalinus;Eigentliche Roggen-Trespe;;1;
Bromus tectorum;Dach-Trespe;;3;
Buglossoides arvensis;Acker-Rindszunge;;3;
Bupleurum longifolium;Langblatt-Hasenohr;;4;
Bupleurum longifolium ssp. vapincense;Vapincum-Langblatt-Hasenohr;;4;
Bupleurum ranunculoides;Hahnenfuß-Hasenohr;;4;
Bupleurum ranunculoides ssp. ranunculoides;Eigentliches Hahnenfuß-Hasenohr;;4;
Bupleurum rotundifolium;Durchwachs-Hasenohr;;0;
Calamagrostis canescens;Moor-Reitgras;;2;
Calamagrostis pseudophragmites;Ufer-Reitgras;;2;
Calla palustris;Drachenwurz;2;2;
Callitriche hamulata;Haken-Wasserstern;;1;
Camelina alyssum;Zahn-Leindotter;;0;
Camelina alyssum ssp. alyssum;Eigentlicher Zahn-Leindotter;;0;
Camelina alyssum ssp. integerrima;Ganzrandiger Zahn-Leindotter;;3;
Camelina microcarpa;Wild-Leindotter;;3;
Camelina microcarpa ssp. microcarpa;Östlicher Wild-Leindotter;;3;
Camelina microcarpa ssp. silvestris;Westlicher Wild-Leindotter;;3;
Camelina sativa;Saat-Leindotter;;3;
Camelina sativa agg.;Sammelart Saat-Leindotter;;3;
Camelina sativa var. sativa;Eigentlicher Saat-Leindotter;;3;
Camelina sativa var. zingeri;Behaarter Saat-Leindotter;;3;
Campanula glomerata;Knäuel-Glockenblume;1;3;
Campanula glomerata ssp. glomerata;Gewöhnliche Knäuel-Glockenblume;1;3;
Campanula latifolia;Breitblatt-Glockenblume;;4;
Campanula persicifolia;Wald-Glockenblume;;5;ungefährdet - im Flachgau: potenziell gefährdet
Campanula thyrsoides;Strauß-Glockenblume;;4;
Campanula thyrsoides ssp. thyrsoides;Gewöhnliche Strauß-Glockenblume;;4;
Carex acuta;Spitz-Segge;;3;
Carex appropinquata;Wunder-Segge;;2;
Carex bicolor;Zweifarben-Segge;;3;
Carex bigelowii;Starr-Segge;;0;
Carex bigelowii ssp. dacica;Dakien-Starr-Segge;;0;
Carex buxbaumii;Moor-Segge;;1;
Carex cespitosa;Rasen-Segge;;0;
Carex chordorrhiza;Strick-Segge;;5;vom Aussterben bedroht - im Flachgau: ausgerottet, erloschen, verschollen
Carex curvula;Krumm-Segge;;5;ungefährdet - in den Kalkalpen: potenziell gefährdet
Carex curvula ssp. curvula;Silikat-Krumm-Segge;;5;ungefährdet - in den Kalkalpen: potenziell gefährdet
Carex curvula ssp. rosae;Kalk-Krumm-Segge;;4;
Carex diandra;Draht-Segge;;2;
Carex dioica;Zweihäusig-Segge;;3;
Carex distans;Lücken-Segge;;2;
Carex disticha;Kamm-Segge;;1;
Carex disticha ssp. disticha;Eigentliche Kamm-Segge;;1;
Carex divulsa;Locker-Stachel-Segge;;4;
Carex elongata;Walzen-Segge;;5;gefährdet - im Inneren Salzachtal: vom Aussterben bedroht
Carex hartmanii;Hartman-Segge;;1;
Carex heleonastes;Schlenken-Segge;;0;
Carex lachenalii;Schneehuhn-Segge;;4;
Carex lasiocarpa;Faden-Segge;;2;
Carex lasiocarpa ssp. lasiocarpa;Eigentliche Faden-Segge;;2;
Carex limosa;Schlamm-Segge;;2;
Carex microglochin;Grannen-Segge;;0;
Carex otrubae;Falsche Fuchs-Segge;;1;
Carex pauciflora;Wenigblüten-Segge;;5;gefährdet - im Flachgau: stark gefährdet
Carex paupercula;Riesel-Segge;;3;
Carex pilosa;Wimper-Segge;;4;
Carex pseudocyperus;Groß-Zypergras-Segge;;1;
Carex pulicaris;Floh-Segge;;2;
Carex randalpina;Alpenrand-Segge;;2;
Carex riparia;Ufer-Segge;;0;
Carex strigosa;Dünnähren-Segge;;2;
Carex tomentosa;Filz-Segge;;5;stark gefährdet - in den Kalkalpen: vom Aussterben bedroht
Carex umbrosa;Schatten-Segge;;5;ungefährdet - im Inneren Salzachtal: stark gefährdet
Carex vesicaria;Blasen-Segge;;3;
Carex vulpina;Fuchs-Segge;;1;
Carlina biebersteinii;Langblatt-Golddistel;;4;
Carlina biebersteinii ssp. biebersteinii;Eigentliche Langblatt-Golddistel;;4;
Catabrosa aquatica;Wasser-Quellgras;;1;
Centaurea jacea ssp. macroptilon;Fiederschuppen-Wiesen-Flockenblume;;1;
Centaurea scabiosa ssp. alpestris;Voralpen-Skabiosen-Flockenblume;;4;
Centaurea stoebe;Rispen-Flockenblume;;3;
Centaurea stoebe ssp. stoebe;Gewöhnliche Rispen-Flockenblume;;3;
Centaurium erythraea;Echt-Tausendguldenkraut;;2;
Centaurium erythraea ssp. erythraea;Eigentliches Echt-Tausendguldenkraut;;2;
Centaurium pulchellum;Klein-Tausendguldenkraut;;2;
Centunculus minimus;Kleinling;;0;
Cephalanthera damasonium;Breitblatt-Waldvöglein;2;5;ungefährdet - in den Hohen Tauern: potenziell gefährdet
Cephalanthera longifolia;Schmalblatt-Waldvöglein;2;;
Cephalanthera rubra;Purpur-Waldvöglein;2;5;ungefährdet - im Lungau: potenziell gefährdet
Cerastium glutinosum;Kleb-Hornkraut;;0;
Cerastium lucorum;Großfrucht-Hornkraut;;4;
Cerastium pedunculatum;Stiel-Hornkraut;;4;
Ceratophyllum demersum;Rau-Hornblatt;;3;
Cervaria rivini;Hirschwurz;;1;
Cetraria islandica;Isländisch Moos;;3;
Chaerophyllum temulum;Taumel-Kälberkropf;;0;
Chamaecytisus supinus;Kopf-Zwerggeißklee;2;1;
Chamorchis alpina;Zwergständel;2;;
Chenopodium glaucum;Graugrün-Gänsefuß;;3;
Chenopodium hybridum;Sautod-Gänsefuß;;3;
Chenopodium opulifolium;Schneeball-Gänsefuß;;3;
Chenopodium urbicum;Dorf-Gänsefuß;;0;
Chenopodium vulvaria;Stink-Gänsefuß;;1;
Cicuta virosa;Gift-Wasserschierling;;1;
Circaea lutetiana;Wald-Hexenkraut;;5;ungefährdet - in den Hohen Tauern: potenziell gefährdet
Circaea lutetiana ssp. lutetiana;Gewöhnliches Wald-Hexenkraut;;5;ungefährdet - in den Hohen Tauern: potenziell gefährdet
Cirsium carniolicum;Krain-Kratzdistel;;4;
Cirsium eriophorum;Woll-Kratzdistel;1;;
Cirsium eriophorum ssp. eriophorum;Eigentliche Woll-Kratzdistel;1;;
Cirsium erisithales;Kleb-Kratzdistel;;4;
Cirsium heterophyllum;Filz-Kratzdistel;;5;ungefährdet - in den Kalkalpen: potenziell gefährdet
Cladium mariscus;Europa-Schneideried;;1;
Cladonia rangiferina;Echte Rentierflechte;;3;
Clinopodium foliosum;Österreich-Bergminze;;3;
Clinopodium menthifolium;Wald-Bergminze;;4;
Coeloglossum viride;Hohlzunge;2;;
Comarum palustre;Blutauge;;3;
Comastoma nanum;Zwerg-Haarschlund;1;;
Comastoma nanum x tenellum;Hybride Zwerg- mit Zart-Haarschlund;1;;
Comastoma tenellum;Zart-Haarschlund;1;;
Conioselinum tataricum;Schierlingssilge;;2;
Conium maculatum;Europa-Fleckenschierling;;1;
Convallaria majalis;Echt-Maiglöckchen;1;;
Corallorhiza trifida;Europa-Korallenwurz;2;;
Corydalis intermedia;Mittel-Lerchensporn;;4;
Crepis jacquinii;Felsschutt-Pippau;;4;
Crepis jacquinii ssp. jacquinii;Östlicher Felsschutt-Pippau;;4;
Crepis mollis;Weichhaar-Pippau;;3;
Crepis mollis ssp. mollis;Gewöhnlicher Weichhaar-Pippau;;3;
Crepis mollis ssp. succisifolia;Abbiss-Weichhaar-Pippau;;3;
Crepis pontana;Berg-Pippau;;4;
Crepis praemorsa;Trauben-Pippau;;0;
Crocus albiflorus;Alpen-Krokus;3;5;ungefährdet - im Flachgau: gefährdet
Cruciata glabra;Kahl-Kreuzlabkraut;;4;
Cuscuta campestris;Nordamerika-Teufelszwirn;;0;
Cuscuta epilinum;Flachs-Teufelszwirn;;0;
Cuscuta epithymum;Quendel-Teufelszwirn;;5;ungefährdet - im Flachgau: gefährdet
Cuscuta epithymum ssp. epithymum;Gewöhnlicher Quendel-Teufelszwirn;;5;ungefährdet - im Flachgau: gefährdet
Cyanus segetum;Kornblume;1;3;
Cyclamen purpurascens;Alpen-Zyklame;1;;
Cyperus flavescens;Gelb-Zypergras;;1;
Cyperus fuscus;Braun-Zypergras;;1;
Cypripedium calceolus;Gelb-Frauenschuh;5;5;ungefährdet - im Flachgau: vom Aussterben bedroht
Cystopteris dickieana;Runzelsporen-Blasenfarn;;4;
Cytisus nigricans;Trauben-Geißklee;;0;
Cytisus nigricans ssp. nigricans;Eigentlicher Trauben-Geißklee;;0;
Dactylorhiza cruenta;Blut-Fingerwurz;2;2;
Dactylorhiza incarnata;Fleisch-Fingerwurz;2;3;
Dactylorhiza incarnata agg.;Sammelart Fleisch-Fingerwurz;2;;
Dactylorhiza incarnata ssp. incarnata;Eigentliche Fleisch-Fingerwurz;2;3;
Dactylorhiza incarnata ssp. ochroleuca;Gelbliche Fleisch-Fingerwurz;2;2;
Dactylorhiza incarnata ssp. pulchella;Spätblühende Fleisch-Fingerwurz;2;;
Dactylorhiza incarnata x traunsteineri;Hybride Fleisch- mit Traunsteiner-Fingerwurz;2;;
Dactylorhiza isculana;Bad-Ischl-Fingerwurz;2;;
Dactylorhiza lapponica;Lappland-Fingerwurz;2;2;
Dactylorhiza maculata;Flecken-Fingerwurz;2;;
Dactylorhiza maculata x majalis;Hybride Flecken- mit Breitblatt-Fingerwurz;2;;
Dactylorhiza majalis;Breitblatt-Fingerwurz;2;;
Dactylorhiza majalis agg.;Sammelart Breitblatt-Fingerwurz;2;;
Dactylorhiza majalis ssp. alpestris;Alpen-Breitblatt-Fingerwurz;2;;
Dactylorhiza majalis ssp. brevifolia;Kurzblättrige Breitblatt-Fingerwurz;2;;
Dactylorhiza majalis ssp. majalis;Gewöhnliche Breitblatt-Fingerwurz;2;;
Dactylorhiza sambucina;Holunder-Fingerwurz;2;5;gefährdet - im Flachgau: vom Aussterben bedroht
Dactylorhiza traunsteineri;Traunsteiner-Fingerwurz;2;2;
Danthonia decumbens ssp. decipiens;Täusch-Dreizahn;;4;
Daphne mezereum;Echt-Seidelbast;2;;
Delphinium austriacum;Österreich-Rittersporn;2;4;
Delphinium austriacum ssp. austriacum;Eigentlicher Österreich-Rittersporn;2;4;
Delphinium austriacum ssp. stiriacum;Steiermärkischer Österreich-Rittersporn;2;4;
Dianthus carthusianorum;Eigentliche Karthäuser-Nelke;;5;ungefährdet - im Flachgau: stark gefährdet
Dianthus carthusianorum ssp. carthusianorum;Gewöhnliche Kartäuser-Nelke;;5;ungefährdet - im Flachgau: stark gefährdet
Dianthus deltoides;Heide-Nelke;;2;
Dianthus sternbergii;Dolomiten-Nelke;;4;
Dianthus superbus;Pracht-Nelke;2;;
Dianthus superbus ssp. alpestris;Alpen-Pracht-Nelke;2;;
Dianthus superbus ssp. superbus;Feuchtwiesen-Pracht-Nelke;2;1;
Dianthus sylvestris;Wild-Nelke;;4;
Dianthus sylvestris ssp. sylvestris;Eigentliche Wild-Nelke;;4;
Digitalis grandiflora;Groß-Fingerhut;1;;
Diphasiastrum (x) issleri;Voralpen-Flachbärlapp;;2;
Diphasiastrum complanatum;Eigentlicher Flachbärlapp;;3;
Diphasiastrum complanatum ssp. complanatum;Eigentlicher Flachbärlapp;;3;
Doronicum clusii ssp. villosum;Steirische Clusius-Gamswurz;;4;
Draba fladnizensis;Flattnitz-Felsenblümchen;;5;ungefährdet - in den Kalkalpen: potenziell gefährdet
Draba pacheri;Tauern-Felsenblümchen;;3;
Drosera (x) obovata;Bastard-Sonnentau;2;1;
Drosera anglica;Langblatt-Sonnentau;2;2;
Drosera intermedia;Mittel-Sonnentau;2;2;
Drosera intermedia x rotundifolia;Hybride Mittel- mit Rundblatt-Sonnentau;2;;
Drosera rotundifolia;Rundblatt-Sonnentau;2;3;
Drymocallis rupestris;Gewöhnlich-Steinfingerkraut;;3;
Dryopteris cristata;Kamm-Wurmfarn;;1;
Dryopteris remota;Entferntfieder-Wurmfarn;;4;
Elatine triandra;Dreimännig-Tännel;;0;
Eleocharis acicularis;Nadel-Sumpfried;;1;
Eleocharis mamillata ssp. austriaca;Österreichisches Zitzen-Sumpfried;;3;
Eleocharis ovata;Ei-Sumpfried;;0;
Eleocharis quinqueflora;Wenigblüten-Sumpfried;;5;ungefährdet - im Flachgau: gefährdet
Eleocharis uniglumis;Einspelzen-Sumpfried;;3;
Epilobium nutans;Nickend-Weidenröschen;;4;
Epilobium obscurum;Dunkel-Weidenröschen;;1;
Epilobium tetragonum;Vierkant-Weidenröschen;;2;
Epilobium tetragonum ssp. lamyi;Graugrünes Vierkant-Weidenröschen;;0;
Epilobium tetragonum ssp. tetragonum;Eigentliches Vierkant-Weidenröschen;;2;
Epipactis atrorubens;Rot-Ständelwurz;2;5;ungefährdet - im Flachgau: gefährdet
Epipactis helleborine;Grün-Ständelwurz;2;5;ungefährdet - im Flachgau: gefährdet
Epipactis helleborine agg.;Sammelart Grün-Ständelwurz;2;;
Epipactis helleborine ssp. helleborine;Gewöhnliche Grün-Ständelwurz;2;5;ungefährdet - im Flachgau: gefährdet
Epipactis leptochila;Schmallippen-Ständelwurz;2;;
Epipactis leptochila ssp. leptochila;Gewöhnliche Schmallippen-Ständelwurz;2;;
Epipactis palustris;Sumpf-Ständelwurz;2;3;
Epipactis purpurata;Violett-Ständelwurz;2;2;
Epipactis purpurata agg.;Sammelart Violett-Ständelwurz;2;;
Epipogium aphyllum;Ohnblatt-Widerbart;2;2;
Equisetum variegatum;Bunt-Schachtelhalm;;5;ungefährdet - im Flachgau: gefährdet
Erigeron acris ssp. angulosus;Kantiges Scharf-Berufkraut;;3;
Erigeron atticus;Villars-Berufkraut;;3;
Erigeron neglectus;Verkannt-Berufkraut;;4;
Erigeron schleicheri;Felsen-Berufkraut;;4;
Eriophorum angustifolium;Schmalblatt-Wollgras;;5;ungefährdet - im Flachgau: gefährdet
Eriophorum gracile;Schlank-Wollgras;;1;
Eriophorum scheuchzeri;Alpen-Wollgras;;5;ungefährdet - in den Kalkalpen: potenziell gefährdet
Eriophorum vaginatum;Scheiden-Wollgras;;5;ungefährdet - im Flachgau: gefährdet
Eritrichium nanum;Zwerg-Himmelsherold;;4;
Erysimum virgatum;Ruten-Goldlack;;2;
Euonymus europaeus;Gewöhnlich-Spindelstrauch;;5;ungefährdet - im Inneren Salzachtal: potenziell gefährdet
Euonymus latifolius;Voralpen-Spindelstrauch;;5;ungefährdet - in den Hohen Tauern: vom Aussterben bedroht
Euphorbia austriaca;Österreich-Wolfsmilch;;4;
Euphorbia dulcis;Süß-Wolfsmilch;;5;ungefährdet - in den Hohen Tauern: ausgerottet, erloschen, verschollen
Euphorbia dulcis ssp. dulcis;Behaartfrüchtige Süß-Wolfsmilch;;5;ungefährdet - in den Hohen Tauern: ausgerottet, erloschen, verschollen
Euphorbia exigua;Klein-Wolfsmilch;;2;
Euphorbia platyphyllos;Breitblatt-Wolfsmilch;;3;
Euphorbia platyphyllos ssp. platyphyllos;Eigentliche Breitblatt-Wolfsmilch;;3;
Euphorbia verrucosa;Warzen-Wolfsmilch;;4;
Euphrasia stricta;Heide-Augentrost;;3;
Festuca amethystina;Amethyst-Schwingel;;4;
Festuca amethystina ssp. amethystina;Eigentlicher Amethyst-Schwingel;;4;
Festuca guestfalica;Harter Schaf-Schwingel;;2;
Festuca heterophylla;Verschiedenblatt-Schwingel;;3;
Festuca pallens;Bleich-Schaf-Schwingel;;5;gefährdet - im Flachgau: vom Aussterben bedroht
Festuca pallens var. pallens;Eigentlicher Bleich-Schaf-Schwingel;;5;gefährdet - im Flachgau: vom Aussterben bedroht
Festuca stenantha;Schmalrispen-Felsen-Schwingel;;4;
Filago arvensis;Acker-Filzkraut;;3;
Filipendula vulgaris;Klein-Mädesüß;;2;
Fragaria viridis;Knack-Erdbeere;;0;
Gagea liotardii;Röhren-Gelbstern;;4;
Gagea minima;Winzig-Gelbstern;;2;
Galanthus nivalis;Schneeglöckchen;1;3;
Galeobdolon montanum;Berg-Goldnessel;;5;ungefährdet - im Lungau: potenziell gefährdet
Galeopsis bifida;Zweizipfel-Hohlzahn;;3;
Galium aristatum;Grannen-Labkraut;;0;
Galium elongatum;Lang-Sumpf-Labkraut;;3;
Galium megalospermum;Schweiz-Labkraut;;4;
Galium mollugo;Kleines Wiesen-Labkraut;;4;
Galium odoratum;Waldmeister;;5;ungefährdet - in den Hohen Tauern: gefährdet
Galium saxatile;Harz-Labkraut;;4;
Galium spurium;Grünes Klett-Labkraut;;2;
Genista germanica;Deutsch-Ginster;2;1;
Genista tinctoria;Färber-Ginster;2;2;
Gentiana acaulis;Silikat-Glocken-Enzian;2;;
Gentiana asclepiadea;Schwalbenwurz-Enzian;1;;
Gentiana bavarica;Bayern-Enzian;1;;
Gentiana bavarica agg.;Sammelart Bayern-Enzian;1;;
Gentiana bavarica var. bavarica;Eigentlicher Bayern-Enzian;1;;
Gentiana bavarica var. subacaulis;Kleinwüchsiger Bayern-Enzian;1;;
Gentiana brachyphylla;Kurzblatt-Enzian;1;;
Gentiana clusii;Kalk-Glocken-Enzian;2;;
Gentiana clusii ssp. clusii;Eigentlicher Kalk-Glocken-Enzian;2;;
Gentiana cruciata;Kreuz-Enzian;1;;
Gentiana lutea;Gelb-Enzian;1;4;
Gentiana lutea ssp. lutea;Gewöhnlicher Gelb-Enzian;1;4;
Gentiana nivalis;Schnee-Enzian;1;;
Gentiana orbicularis;Rundblatt-Enzian;1;;
Gentiana pannonica;Ostalpen-Enzian;2;;
Gentiana pneumonanthe;Lungen-Enzian;2;2;
Gentiana prostrata;Liegend-Enzian;1;4;
Gentiana punctata;Tüpfel-Enzian;2;;
Gentiana utriculosa;Schlauch-Enzian;1;5;ungefährdet - in den Hohen Tauern: potenziell gefährdet
Gentiana verna;Frühlings-Enzian;1;5;ungefährdet - im Flachgau: stark gefährdet
Gentiana verna agg.;Sammelart Frühlings-Enzian;1;;
Gentianella anisodonta;Kelch-Kranzenzian;2;;
Gentianella aspera;Rau-Kranzenzian;2;;
Gentianella germanica agg.;Sammelart Deutsch-Kranzenzian;2;;
Gentianella rhaetica;Rätisch-Kranzenzian;2;;
Gentianella styriaca;„Steiermark“-Kranzenzian;1;;
Gentianopsis ciliata;Gewöhnlich-Fransenenzian;2;5;ungefährdet - in der Grauwackenzone und den Hohen Tauern: potenziell gefährdet
Geranium molle;Weich-Storchschnabel;;2;
Geranium phaeum ssp. lividum;Lila Braun-Storchschnabel;;4;
Gladiolus palustris;Sumpf-Siegwurz;5;1;
Glyceria declinata;Blaugrün-Schwadengras;;4;
Glyceria maxima;Groß-Schwadengras;;3;
Goodyera repens;Kriech-Netzblatt;2;3;
Groenlandia densa;Fischkraut;;2;
Gymnadenia conopsea;Mücken-Händelwurz;2;5;ungefährdet - im Flachgau: gefährdet
Gymnadenia conopsea ssp. conopsea;Gewöhnliche Mücken-Händelwurz;2;5;ungefährdet - im Flachgau: gefährdet
Gymnadenia conopsea ssp. conopsea x Nigritella rhellicani;Hybride Gewöhnliche Mücken-Händelwurz mit Gewöhnlich-Kohlröschen;2;;
Gymnadenia conopsea ssp. densiflora;Dichtblütige Mücken-Händelwurz;2;5;ungefährdet - im Flachgau: gefährdet
Gymnadenia conopsea x Nigritella rhellicani;Hybride Mücken-Händelwurz mit Gewöhnlich-Kohlröschen;2;;
Gymnadenia conopsea x odoratissima;Hybride Mücken- mit Duft-Händelwurz;2;;
Gymnadenia odoratissima;Duft-Händelwurz;2;5;ungefährdet - im Flachgau: stark gefährdet
Gymnadenia odoratissima x Nigritella bicolor;Hybride Duft-Händelwurz mit Zweifarben-Kohlröschen;2;;
Gymnadenia odoratissima x Nigritella nigra;Hybride Duft-Händelwurz mit Schwarz-Kohlröschen;2;;
Gymnadenia odoratissima x Pseudorchis albida;Hybride Duft-Händelwurz mit Stumpfsporn-Weißzüngel;2;;
Gypsophila muralis;Mauer-Gipskraut;;0;
Hackelia deflexa;Klettenkraut;;4;
Helianthemum nummularium ssp. nummularium;Zweifarbiges Gewöhnlich-Sonnenröschen;;3;
Helleborus niger;Schneerose;1;;
Helleborus viridis;Grün-Nieswurz;1;3;
Helleborus viridis ssp. viridis;Eigentliche Grün-Nieswurz;1;3;
Helosciadium repens;Kriech-Sumpfschirm;5;1;
Hepatica nobilis;Echt-Leberblümchen;;5;ungefährdet - im Lungau: potenziell gefährdet
Herminium monorchis;Honig-Einknolle;2;2;
Hieracium amplexicaule;Herzblatt-Habichtskraut;;5;ungefährdet - im Flachgau: potenziell gefährdet
Hieracium bauhini;Bauhin-Mausohrhabichtskraut;;3;
Hieracium bauhini ssp. bauhini;Eigentliches Bauhin-Mausohrhabichtskraut;;3;
Hieracium bocconei;Boccone-Habichtskraut;;4;
Hieracium brachiatum;Gabelast-Mausohrhabichtskraut;;4;
Hieracium caespitosum;Wiesen-Mausohrhabichtskraut;;3;
Hieracium caespitosum ssp. brevipilum;Kurzhaariges Wiesen-Mausohrhabichtskraut;;3;
Hieracium caespitosum ssp. caespitosum;Eigentliches Wiesen-Mausohrhabichtskraut;;3;
Hieracium cymosum;Trugdolden-Mausohrhabichtskraut;;1;
Hieracium cymosum ssp. cymosum;Eigentliches Trugdolden-Mausohrhabichtskraut;;1;
Hieracium floribundum;Reichblüten-Mausohrhabichtskraut;;4;
Hieracium glaucinum;Frühlings-Habichtskraut;;4;
Hieracium inuloides;Alant-Habichtskraut;;4;
Hieracium prenanthoides;Hasenlattich-Habichtskraut;;4;
Hieracium stoloniflorum;Flagellen-Mausohrhabichtskraut;;4;
Hieracium valdepilosum;Dichthaar-Habichtskraut;;4;
Hippocrepis emerus;Strauchkronwicke;;4;
Hippocrepis emerus ssp. emerus;Eigentlich-Strauchkronwicke;;4;
Hippophaë rhamnoides;Sanddorn;1;1;
Hippophaë rhamnoides ssp. fluviatilis;Alpen-Sanddorn;1;1;
Hippuris vulgaris;Tannenwedel;;3;
Holosteum umbellatum;Dolden-Spurre;;0;
Holosteum umbellatum var. parceglandulosum;Schwachdrüsige Dolden-Spurre;;0;
Holosteum umbellatum var. umbellatum;Gewöhnliche Dolden-Spurre;;0;
Hydrocharis morsus-ranae;Europa-Froschbiss;2;1;
Hypnum pratense;Wiesen-Schlafmoos;;2;
Hypochaeris maculata;Flecken-Ferkelkraut;;1;
Hypopitys monotropa;Behaart-Fichtenspargel;;4;
Ilex aquifolium;Stechpalme;2;3;
Inula salicina;Weidenblatt-Alant;;1;
Inula salicina ssp. salicina;Gewöhnlicher Weidenblatt-Alant;;1;
Iris pseudacorus;Wasser-Schwertlilie;1;3;
Iris sibirica;Sibirien-Schwertlilie;2;2;
Isoëtes lacustris;Gewöhnlich-Brachsenkraut;;0;
Isolepis setacea;Borsten-Moorbinse;;1;
Jasione montana;Berg-Sandknöpfchen;;3;
Jovibarba globifera;Kugel-Fransenhauswurz;1;;
Jovibarba globifera ssp. arenaria;Fels-Kugel-Fransenhauswurz;1;;
Juncus acutiflorus;Spitzblüten-Simse;;2;
Juncus biglumis;Zweiblüten-Simse;;2;
Juncus bulbosus;Rasen-Simse;;0;
Juncus castaneus;Kastanien-Simse;;4;
Juncus conglomeratus;Knäuel-Simse;;3;
Juncus squarrosus;Sparrig-Simse;;0;
Juncus subnodulosus;Knötchen-Simse;;0;
Juniperus communis ssp. communis;Gewöhnlicher Echt-Wacholder;;3;
Juniperus sabina;Sebenstrauch;1;5;ungefährdet - in den Kalkalpen und Hohen Tauern: potenziell gefährdet
Kickxia spuria;Eiblatt-Tännelkraut;;0;
Knautia longifolia;Langblatt-Witwenblume;;4;
Kobresia simpliciuscula;Schuppenried;;4;
Koeleria macrantha;Steppen-Schillergras;;3;
Koeleria pyramidata;Wiesen-Schillergras;;3;
Koeleria pyramidata var. pyramidata;Gewöhnliches Wiesen-Schillergras;;3;
Lamium amplexicaule;Stängelumfass-Taubnessel;;1;
Lamium orvala;Riesen-Taubnessel;2;1;
Laphangium luteoalbum;Gelblich-Scheinruhrkraut;;0;
Lappula squarrosa;Gewöhnlich-Igelsame;;3;
Laserpitium prutenicum;Preußen-Laserkraut;;2;
Lathyrus niger;Schwarz-Platterbse;;4;
Lathyrus palustris;Sumpf-Platterbse;;1;
Lathyrus tuberosus;Knollen-Platterbse;;2;
Leersia oryzoides;Europa-Reisquecke;;3;
Legousia speculum-veneris;Groß-Venusspiegel;;3;
Lemna gibba;Buckel-Wasserlinse;;0;
Lemna trisulca;Kreuz-Wasserlinse;;2;
Leontopodium alpinum;Alpen-Edelweiß;2;;
Leontopodium alpinum ssp. alpinum;Eigentliche Alpen-Edelweiß;2;;
Lepidium ruderale;Ruderal-Kresse;;2;
Leucanthemum gaudinii;Gebirgs-Margerite;;4;
Leucojum vernum;Frühlings-Knotenblume;1;;
Lilium bulbiferum;Feuer-Lilie;2;3;
Lilium bulbiferum ssp. bulbiferum;Eigentliche Feuer-Lilie;2;3;
Lilium martagon;Türkenbund-Lilie;2;;
Limodorum abortivum;Dingel;2;0;
Limosella aquatica;Gewöhnlich-Schlammling;;1;
Linnaea borealis;Moosglöckchen;2;3;
Linum alpinum;Alpen-Lein;;4;
Linum viscosum;Kleb-Lein;2;1;
Liparis loeselii;Moor-Glanzständel;5;1;
Listera cordata;Herz-Zweiblatt;2;;
Listera ovata;Groß-Zweiblatt;2;;
Lolium remotum;Lein-Lolch;;0;
Lolium temulentum;Taumel-Lolch;;0;
Lomatogonium carinthiacum;Kärnten-Tauernblümchen;1;5;ungefährdet - in den Kalkalpen: potenziell gefährdet
Lotus maritimus;Gelb-Spargelklee;;2;
Lotus maritimus var. siliquosus;Schoten-Gelb-Spargelklee;;2;
Lotus pedunculatus;Sumpf-Hornklee;;0;
Lycopodiella inundata;Europa-Moorbärlapp;;1;
Lycopodium clavatum;Kolben-Bärlapp;;5;ungefährdet - im Flachgau: potenziell gefährdet
Lycopodium clavatum ssp. clavatum;Gewöhnlicher Kolben-Bärlapp;;5;ungefährdet - im Flachgau: potenziell gefährdet
Lycopodium clavatum ssp. monostachyon;Schneehuhn-Kolben-Bärlapp;;4;
Lysimachia thyrsiflora;Strauß-Gilbweiderich;2;2;
Malaxis monophyllos;Einblatt-Weichständel;2;;
Malaxis paludosa;Hammarby-Weichständel;2;1;
Malus sylvestris;Wild-Apfel;;1;
Malva alcea;Spitzblatt-Malve;;3;
Malva sylvestris;Wild-Malve;;2;
Matteuccia struthiopteris;Straußenfarn;3;5;ungefährdet - im Flachgau: stark gefährdet
Melampyrum arvense;Acker-Wachtelweizen;;0;
Melampyrum cristatum;Kamm-Wachtelweizen;;0;
Melampyrum nemorosum;Hain-Wachtelweizen;;2;
Melica ciliata;Wimper-Perlgras;;3;
Melica ciliata ssp. ciliata;Östliches Wimper-Perlgras;;3;
Melilotus altissimus;Hoch-Steinklee;;3;
Melittis melissophyllum;Immenblatt;2;0;
Menyanthes trifoliata;Bitterklee;;3;
Meum athamanticum;Bärwurz;;4;
Microthlaspi perfoliatum;Durchwachs-Kleintäschel;;3;
Minuartia austriaca;Österreich-Miere;;4;
Minuartia biflora;Zweiblüten-Miere;;4;
Minuartia rupestris;Felsen-Miere;;4;
Montia fontana;Brunnen-Quellkraut;;4;
Montia fontana ssp. amporitana;Spitzwarziges Brunnen-Quellkraut;;4;
Montia fontana ssp. fontana;Glanzsamiges Brunnen-Quellkraut;;4;
Montia fontana ssp. variabilis;Veränderliches Brunnen-Quellkraut;;4;
Myosotis decumbens ssp. variabilis;Steirisches Liege-Vergissmeinnicht;;4;
Myosotis ramosissima;Hügel-Vergissmeinnicht;;2;
Myosotis stricta;Sand-Vergissmeinnicht;;3;
Myricaria germanica;Deutsche Ufertamariske;2;1;
Myriophyllum spicatum;Ähren-Tausendblatt;;3;
Myriophyllum verticillatum;Quirl-Tausendblatt;;3;
Myrrhis odorata;Süßdolde;;4;
Najas marina;Groß-Nixenkraut;;3;
Najas marina ssp. marina;Eigentlich Groß-Nixenkraut;;3;
Nasturtium officinale;Echt-Brunnenkresse;;3;
Neotinea ustulata;Brand-Keuschständel;2;5;ungefährdet - im Flachgau: stark gefährdet
Neotinea ustulata var. aestivalis;Sommer-Brand-Keuschständel;2;5;ungefährdet - im Flachgau: stark gefährdet
Neotinea ustulata var. ustulata;Frühlings-Brand-Keuschständel;2;5;ungefährdet - im Flachgau: stark gefährdet
Neottia nidus-avis;Vogel-Nestwurz;2;;
Neslia paniculata;Rispen-Finkensame;;2;
Nigritella archiducis-joannis;Erzherzog-Johann-Kohlröschen;2;;
Nigritella bicolor;Zweifarben-Kohlröschen;2;;
Nigritella miniata;Rot-Kohlröschen;2;;
Nigritella nigra;Schwarz-Kohlröschen;2;;
Nigritella nigra agg.;Sammelart Schwarz-Kohlröschen;2;;
Nigritella nigra ssp. austriaca;Österreichisches Schwarz-Kohlröschen;2;;
Nigritella rhellicani;Gewöhnlich-Kohlröschen;2;;
Nigritella stiriaca;Steirisch-Kohlröschen;2;4;
Nigritella widderi;Widder-Kohlröschen;2;;
Noccaea caerulescens;Voralpen-Täschelkraut;;5;ungefährdet - im Inneren Salzachtal: stark gefährdet
Nuphar lutea;Groß-Teichrose;2;3;
Nuphar pumila;Klein-Teichrose;2;5;vom Aussterben bedroht - im Inneren Salzachtal: ausgerottet, erloschen, verschollen
Nymphaea alba;Groß-Seerose;2;2;
Nymphaea candida;Klein-Seerose;2;2;
Oenanthe aquatica;Groß-Wasserfenchel;;0;
Ononis repens;Kriech-Hauhechel;;3;
Ononis repens ssp. procurrens;Gestreckte Kriech-Hauhechel;;3;
Ononis spinosa ssp. austriaca;Österreichische Dorn-Hauhechel;;1;
Ophioglossum vulgatum;Natternzunge;;3;
Ophrys insectifera;Fliegen-Ragwurz;2;4;
Ophrys insectifera ssp. insectifera;Eigentliche Fliegen-Ragwurz;2;4;
Orchis mascula;Manns-Knabenkraut;2;;
Orchis mascula ssp. mascula;Eigentliches Manns-Knabenkraut;2;;
Orchis mascula ssp. speciosa;Pracht-Manns-Knabenkraut;2;;
Orchis mascula x pallens;Hybride Manns- mit Bleich-Knabenkraut;2;;
Orchis militaris;Helm-Knabenkraut;2;2;
Orchis pallens;Bleich-Knabenkraut;2;2;
Orchis spitzelii;Spitzel-Knabenkraut;2;3;
Orchis spitzelii ssp. spitzelii;Eigentliches Spitzel-Knabenkraut;2;3;
Ornithogalum umbellatum;Eigentlicher Dolden-Milchstern;2;1;
Ornithogalum umbellatum agg.;Sammelart Eigentlicher Dolden-Milchstern;2;1;
Ornithogalum vulgare;Gewöhnlicher Dolden-Milchstern;2;1;
Orobanche lucorum;Berberitzen-Sommerwurz;;1;
Orobanche minor;Klee-Sommerwurz;;1;
Orobanche teucrii;Gamander-Sommerwurz;;2;
Oxytropis lapponica;Lappland-Spitzkiel;;4;
Paederota bonarota;Blau-Mänderle;;4;
Paederota lutea;Gelb-Mänderle;;4;
Papaver dubium;Schmalkopf-Mohn;;3;
Papaver dubium ssp. austromoravicum;Weißer Schmalkopf-Mohn;;3;
Papaver dubium ssp. confine;Verkannter Schmalkopf-Mohn;;3;
Papaver dubium ssp. dubium;Gewöhnlicher Schmalkopf-Mohn;;3;
Pedicularis kerneri;Kerner-Läusekraut;;4;
Pedicularis palustris;Sumpf-Läusekraut;;3;
Pedicularis palustris ssp. palustris;Eigentliches Sumpf-Läusekraut;;3;
Pedicularis portenschlagii;Portenschlag-Läusekraut;;4;
Pedicularis rosea;Rosa-Läusekraut;;4;
Pedicularis rosea ssp. rosea;Eigentliches Rosa-Läusekraut;;4;
Pedicularis sceptrum-carolinum;Karlszepter;;0;
Peplis portula;Sumpfquendel;;1;
Persicaria amphibia;Wasser-Knöterich;;3;
Persicaria dubia;Mild-Knöterich;;3;
Peucedanum oreoselinum;Berg-Haarstrang;;3;
Peucedanum palustre;Sumpf-Haarstrang;;3;
Phelipanche arenaria;Sand-Blauwürger;;1;
Phelipanche purpurea;Violett-Blauwürger;;1;
Phleum phleoides;Steppen-Lieschgras;;3;
Physalis alkekengi;Echt-Blasenkirsche;;2;
Phyteuma spicatum ssp. coeruleum;Blaue Ähren-Teufelskralle;;0;
Pimpinella saxifraga ssp. nigra;Schwarze Klein-Bibernelle;;4;
Pinguicula alpina;Alpen-Fettkraut;3;5;ungefährdet - im Flachgau: stark gefährdet
Pinguicula leptoceras;Dünnsporn-Fettkraut;3;4;
Pinguicula vulgaris;Gewöhnlich-Fettkraut;3;5;ungefährdet - im Flachgau: gefährdet
Pinus (x) rotundata;Moor-Föhre;;3;
Plantago alpina;Alpen-Wegerich;;4;
Platanthera bifolia;Weiß-Waldhyazinthe;2;;
Platanthera montana;Grünlich-Waldhyazinthe;2;;
Poa cenisia;Kriech-Rispe;;4;
Poa chaixii;Berg-Rispe;;4;
Poa glauca;Blaugrün-Rispe;;4;
Poa molinerii;Innenalpen-Rispe;;4;
Poa palustris;Sumpf-Rispe;;3;
Poa remota;Locker-Rispe;;4;
Poa stiriaca;Steirisch-Rispe;;4;
Polygala amarella;Sumpf-Kreuzblume;;5;ungefährdet - im Flachgau: gefährdet
Polygala vulgaris ssp. oxyptera;Spitzflügel-Wiesen-Kreuzblume;;3;
Polystichum braunii;Schuppen-Schildfarn;;4;
Polytrichum strictum;Moor-Haarmützenmoos;;3;
Populus alba;Silber-Pappel;;3;
Populus nigra;Schwarz-Pappel;;2;
Potamogeton acutifolius;Spitzblatt-Laichkraut;;0;
Potamogeton alpinus;Alpen-Laichkraut;;3;
Potamogeton filiformis;Faden-Laichkraut;;2;
Potamogeton gramineus;Gras-Laichkraut;;1;
Potamogeton lucens;Glanz-Laichkraut;;3;
Potamogeton natans;Schwimm-Laichkraut;;3;
Potamogeton nodosus;Flut-Laichkraut;;0;
Potamogeton pectinatus;Kamm-Laichkraut;;4;
Potamogeton pectinatus ssp. pectinatus;Gewöhnliches Kamm-Laichkraut;;4;
Potamogeton perfoliatus;Durchwachs-Laichkraut;;4;
Potamogeton praelongus;Langblatt-Laichkraut;;0;
Potamogeton trichoides;Haar-Laichkraut;;0;
Potentilla argentea;Silber-Fingerkraut;;5;ungefährdet - in den Kalkalpen: ausgerottet, erloschen, verschollen
Potentilla frigida;Gletscher-Fingerkraut;;4;
Potentilla grandiflora;Großblüten-Fingerkraut;;4;
Potentilla micrantha;Kleinblüten-Fingerkraut;;4;
Potentilla nivea;Schneeweiß-Fingerkraut;;4;
Potentilla sterilis;Erdbeer-Fingerkraut;;3;
Primula auricula;Aurikel;2;;
Primula auricula ssp. auricula;Duft-Aurikel;2;;
Primula clusiana;Clusius-Primel;2;;
Primula farinosa;Mehl-Primel;1;5;ungefährdet - im Flachgau: gefährdet
Primula glutinosa;Kleb-Primel;1;;
Primula glutinosa x minima;Hybride Kleb- mit Zwerg-Primel;1;;
Primula halleri;Haller-Primel;2;4;
Primula matthioli;Matthioli-Primel;;4;
Primula minima;Zwerg-Primel;1;;
Primula veris;Arznei-Primel;;3;
Primula veris ssp. veris;Eigentliche Arznei-Primel;;3;
Primula villosa;Östliche Rotdrüsen-Primel;2;4;
Pseudorchis albida;Stumpfsporn-Weißzüngel;2;;
Pseudorchis albida ssp. albida;Weißliches Stumpfsporn-Weißzüngel;2;;
Pseudorchis albida ssp. tricuspis;Dreizackiges Stumpfsporn-Weißzüngel;2;;
Pseudoturritis turrita;Bogenkresse;;1;
Pulicaria dysenterica;Groß-Flohkraut;;3;
Pulmonaria mollis;Weichhaar-Lungenkraut;;4;
Pulmonaria mollis ssp. alpigena;Alpen-Weichhaar-Lungenkraut;;4;
Pulsatilla alpina;Alpen-Küchenschelle;1;;
Pulsatilla alpina ssp. alba;Österreichische Alpen-Küchenschelle;1;;
Pulsatilla alpina ssp. alpina;Nördliche Alpen-Küchenschelle;1;;
Pulsatilla alpina ssp. apiifolia;Gelbe Alpen-Küchenschelle;1;;
Pulsatilla vernalis;Frühlings-Küchenschelle;1;;
Pulsatilla vulgaris;Bayern-Küchenschelle;1;0;
Pulsatilla vulgaris agg.;Sammelart Bayern-Küchenschelle;1;;
Pyrola chlorantha;Grünblüten-Wintergrün;;4;
Pyrola media;Mittel-Wintergrün;;4;
Pyrus pyraster;Wild-Birne;;1;
Ranunculus aquatilis;Großblüten-Wasserhahnenfuß;;1;
Ranunculus auricomus agg.;Sammelart Gold-Hahnenfuß;;5;gefährdet - in den Hohen Tauern: stark gefährdet
Ranunculus breyninus;Rax-Hahnenfuß;;4;
Ranunculus circinatus;Spreiz-Wasserhahnenfuß;;2;
Ranunculus confervoides;Gebirgs-Haarblatt-Wasserhahnenfuß;;3;
Ranunculus fluitans;Flut-Wasserhahnenfuß;;2;
Ranunculus lingua;Zungen-Hahnenfuß;;2;
Ranunculus pygmaeus;Zwerg-Hahnenfuß;;4;
Ranunculus reptans;Ufer-Hahnenfuß;;1;
Ranunculus sardous;Sardinien-Hahnenfuß;;2;
Ranunculus sardous ssp. sardous;Glatter Sardinien-Hahnenfuß;;2;
Ranunculus sardous ssp. subdichotomicus;Höckeriger Sardinien-Hahnenfuß;;2;
Ranunculus sceleratus;Unheil-Hahnenfuß;;2;
Ranunculus serpens;Schlängel-Hahnenfuß;;4;
Rhamnus saxatilis;Felsen-Kreuzdorn;;4;
Rhamnus saxatilis ssp. saxatilis;Eigentlicher Felsen-Kreuzdorn;;4;
Rhinanthus alectorolophus ssp. freynii;Südalpen-Zotten-Klappertopf;;4;
Rhinanthus serotinus;Groß-Klappertopf;;3;
Rhodothamnus chamaecistus;Zwergalpenrose;1;;
Rhynchospora alba;Weiß-Schnabelried;;3;
Rhynchospora fusca;Braun-Schnabelried;;1;
Rosa agrestis;Feld-Rose;;0;
Rosa dumalis;Vogesen-Rose;;3;
Rosa dumalis ssp. dumalis;Eigentliche Vogesen-Rose;;3;
Rosa elliptica;Keilblatt-Rose;;2;
Rosa glauca;Rotblatt-Rose;;4;
Rosa majalis;Zimt-Rose;;3;
Rosa micrantha;Kleinblütige Wein-Rose;;2;
Rosa montana;Berg-Rose;;0;
Rosa rubiginosa;Wein-Rose;;3;
Rosa villosa;Apfel-Rose;;3;
Rumex aquaticus;Wasser-Ampfer;;2;
Rumex conglomeratus;Knäuel-Ampfer;;3;
Rumex hydrolapathum;Teich-Ampfer;;2;
Rumex nivalis;Schnee-Sauerampfer;;4;
Sagina nodosa;Knoten-Mastkraut;;0;
Salix (x) rubens;Hoch-Weide;1;;
Salix alba;Silber-Weide;1;;
Salix alba x myrsinifolia;Hybride Silber- mit Schwarz-Weide;1;;
Salix alba x pentandra;Hybride Silber- mit Lorbeer-Weide;1;;
Salix alpina;Ostalpen-Weide;1;;
Salix alpina x breviserrata;Hybride Ostalpen- mit Sal-Weide;1;;
Salix appendiculata;Großblatt-Weide;1;;
Salix appendiculata x caprea;Hybride Großblatt- mit Sal-Weide;1;;
Salix appendiculata x cinerea;Hybride Großblatt- mit Asch-Weide;1;;
Salix appendiculata x daphnoides;Hybride Großblatt- mit Reif-Weide;1;;
Salix appendiculata x eleagnos;Hybride Großblatt- mit Lavendel-Weide;1;;
Salix arbuscula agg.;Sammelart Bäumchen-Weide;1;;
Salix aurita;Ohr-Weide;1;3;
Salix aurita x myrsinifolia;Hybride Ohr- mit Schwarz-Weide;1;;
Salix aurita x repens;Hybride Ohr- mit Kriech-Weide;1;;
Salix bicolor;Zweifarben-Weide;1;2;
Salix breviserrata;Kurzzahn-Weide;1;;
Salix caprea;Sal-Weide;1;;
Salix caprea x eleagnos;Hybride Sal- mit Lavendel-Weide;1;;
Salix caprea x myrsinifolia;Hybride Sal- mit Schwarz-Weide;1;;
Salix caprea x viminalis;Hybride Sal- mit Korb-Weide;1;;
Salix cinerea;Asch-Weide;1;;
Salix cinerea agg.;Sammelart Asch-Weide;1;;
Salix cinerea x purpurea;Hybride Asch- mit Purpur-Weide;1;;
Salix cinerea x viminalis;Hybride Asch- mit Korb-Weide;1;;
Salix daphnoides;Reif-Weide;1;;
Salix daphnoides x eleagnos;Hybride Reif- mit Lavendel-Weide;1;;
Salix daphnoides x myrsinifolia;Hybride Reif- mit Schwarz-Weide;1;;
Salix daphnoides x purpurea;Hybride Reif- mit Purpur-Weide;1;;
Salix eleagnos;Lavendel-Weide;1;;
Salix eleagnos ssp. eleagnos;Eigentliche Lavendel-Weide;1;;
Salix eleagnos x fragilis;Hybride Lavendel- mit Bruch-Weide;1;;
Salix eleagnos x myrsinifolia;Hybride Lavendel- mit Schwarz-Weide;1;;
Salix eleagnos x purpurea;Hybride Lavendel- mit Purpur-Weide;1;;
Salix fragilis;Bruch-Weide;1;3;
Salix fragilis agg.;Sammelart Bruch-Weide;1;;
Salix fragilis x pentandra;Hybride Bruch- mit Lorbeer-Weide;1;;
Salix glabra;Glanz-Weide;1;;
Salix glaucosericea;Seiden-Weide;1;4;
Salix hastata;Spieß-Weide;1;;
Salix hastata x mielichhoferi;Hybride Spieß- mit Tauern-Weide;1;;
Salix hastata x myrsinifolia;Hybride Spieß- mit Schwarz-Weide;1;;
Salix hastata x waldsteiniana;Hybride Spieß- mit Bäumchen-Weide;1;;
Salix helvetica;Schweizer Weide;1;;
Salix helvetica x mielichhoferi;Hybride Schweizer mit Tauern-Weide;1;;
Salix helvetica x waldsteiniana;Hybride Schweizer mit Bäumchen-Weide;1;;
Salix herbacea;Kraut-Weide;1;;
Salix lapponum agg.;Sammelart Lappland-Weide;1;;
Salix mielichhoferi;Tauern-Weide;1;;
Salix mielichhoferi x myrsinifolia;Hybride Tauern- mit Schwarz-Weide;1;;
Salix myrsinifolia;Schwarz-Weide;1;;
Salix myrsinifolia x purpurea;Hybride Schwarz- mit Purpur-Weide;1;;
Salix myrsinites agg.;Alpen-Weide - Sammelart;1;;
Salix myrtilloides;Heidelbeer-Weide;1;1;
Salix myrtilloides x repens;Hybride Heidelbeer- mit Kriech-Weide;1;;
Salix nigricans agg.;Sammelart Schwarz-Weide;1;;
Salix pentandra;Lorbeer-Weide;1;2;
Salix phylicifolia agg.;Sammelart Teeblatt-Weide;1;;
Salix purpurea;Purpur-Weide;1;;
Salix purpurea x repens;Hybride Purpur- mit Kriech-Weide;1;;
Salix purpurea x viminalis;Hybride Purpur- mit Korb-Weide;1;;
Salix purpurea x waldsteiniana;Hybride Purpur- mit Bäumchen-Weide;1;;
Salix repens;Kriech-Weide;1;3;
Salix repens ssp. repens;Breitblatt-Kriech-Weide;1;3;
Salix repens ssp. rosmarinifolia;Rosmarin-Kriech-Weide;1;3;
Salix reticulata;Netz-Weide;1;;
Salix retusa;Stumpfblatt-Weide;1;;
Salix retusa agg.;Sammelart Stumpfblatt-Weide;1;;
Salix serpyllifolia;Quendel-Weide;1;;
Salix triandra;Mandel-Weide;1;3;
Salix triandra ssp. amygdalina;Bereifte Mandel-Weide;1;3;
Salix triandra ssp. triandra;Grüne Mandel-Weide;1;3;
Salix triandra x viminalis;Hybride Mandel- mit Korb-Weide;1;;
Salix viminalis;Korb-Weide;1;;
Salix waldsteiniana;Bäumchen-Weide;1;;
Salvia pratensis;Wiesen-Salbei;;3;
Salvia pratensis ssp. pratensis;Eigentlicher Wiesen-Salbei;;3;
Sanicula europaea;Sanikel;;5;ungefährdet - in den Hohen Tauern: gefährdet
Saponaria pumila;Zwerg-Seifenkraut;1;;
Saussurea pygmaea;Zwerg-Alpenscharte;;4;
Saxifraga adscendens;Aufsteige-Steinbrech;1;;
Saxifraga adscendens ssp. adscendens;Eigentlicher Aufsteige-Steinbrech;1;;
Saxifraga aizoides;Bach-Steinbrech;1;;
Saxifraga androsacea;Mannsschild-Steinbrech;1;;
Saxifraga aphylla;Blattlos-Steinbrech;1;5;ungefährdet - in der Grauwackenzone: potenziell gefährdet
Saxifraga aspera;Rau-Steinbrech;1;;
Saxifraga biflora;Zweiblüten-Steinbrech;1;;
Saxifraga biflora agg.;Sammelart Zweiblüten-Steinbrech;1;;
Saxifraga biflora x oppositifolia;Hybride Zweiblüten- mit Gegenblatt-Steinbrech;1;;
Saxifraga blepharophylla;Wimper-Steinbrech;1;4;
Saxifraga bryoides;Moos-Steinbrech;1;;
Saxifraga burseriana;Burser-Steinbrech;1;;
Saxifraga caesia;Blaugrün-Steinbrech;1;;
Saxifraga cuneifolia;Keilblatt-Steinbrech;1;3;
Saxifraga cuneifolia ssp. robusta;Robuster Keilblatt-Steinbrech;1;3;
Saxifraga granulata;Knöllchen-Steinbrech;3;1;
Saxifraga granulata ssp. granulata;Eigentlicher Knöllchen-Steinbrech;3;1;
Saxifraga hieraciifolia;Habichtskraut-Steinbrech;1;3;
Saxifraga hirculus;Moor-Steinbrech;1;0;
Saxifraga moschata;Moschus-Steinbrech;1;;
Saxifraga muscoides;Flachblatt-Steinbrech;1;4;
Saxifraga mutata;Kies-Steinbrech;1;4;
Saxifraga mutata ssp. mutata;Eigentlicher Kies-Steinbrech;1;4;
Saxifraga oppositifolia;Gegenblatt-Steinbrech;1;;
Saxifraga oppositifolia agg.;Sammelart Gegenblatt-Steinbrech;1;;
Saxifraga oppositifolia x rudolphiana;Hybride Gegenblatt- mit Rudolfi-Steinbrech;1;;
Saxifraga paniculata;Rispen-Steinbrech;1;;
Saxifraga paniculata ssp. paniculata;Eigentlicher Rispen-Steinbrech;1;;
Saxifraga retusa;Wulfen-Steinbrech;1;4;
Saxifraga retusa agg.;Sammelart Wulfen-Steinbrech;1;;
Saxifraga retusa ssp. retusa;Eigentlicher Wulfen-Steinbrech;1;4;
Saxifraga rudolphiana;Rudolphi-Steinbrech;1;;
Saxifraga stellaris;Stern-Steinbrech;1;;
Saxifraga stellaris ssp. prolifera;Brut-Stern-Steinbrech;1;;
Saxifraga stellaris ssp. robusta;Gewöhnlicher Stern-Steinbrech;1;;
Saxifraga tridactylites;Finger-Steinbrech;1;3;
Scabiosa triandra;Süd-Skabiose;;3;
Scheuchzeria palustris;Blasensimse;;2;
Schoenoplectus lacustris;Grün-Teichbinse;;3;
Schoenoplectus tabernaemontani;Grau-Teichbinse;;0;
Schoenoplectus triqueter;Kanten-Teichbinse;;0;
Schoenus ferrugineus;Braun-Knopfried;;3;
Schoenus nigricans;Schwarz-Knopfried;;0;
Scirpus radicans;Wurzelnde Waldbinse;;0;
Scleranthus polycarpos;Triften-Knäuel;;3;
Scorpidium revolvens;Rollblättriges Skorpionsmoos i. e. S.;;3;
Scorzonera aristata;Grannen-Schwarzwurz;;4;
Scorzonera humilis;Niedrig-Schwarzwurz;;2;
Scrophularia vernalis;Frühlings-Braunwurz;;1;
Scutellaria galericulata;Sumpf-Helmkraut;;3;
Sedum villosum;Drüsen-Mauerpfeffer;;2;
Selaginella helvetica;Schweiz-Moosfarn;;5;potenziell gefährdet - in den Hohen Tauern: stark gefährdet
Selinum carvifolia;Kümmelsilge;;5;gefährdet - im Inneren Salzachtal: vom Aussterben bedroht
Sempervivum arachnoideum;Spinnweben-Hauswurz;1;;
Sempervivum arachnoideum ssp. arachnoideum;Gewöhnliche Spinnweben-Hauswurz;1;;
Sempervivum arachnoideum x montanum;Hybride Spinnweben- mit Westlicher Berg-Hauswurz;1;;
Sempervivum arachnoideum x stiriacum;Hybride Spinnweben- mit Steirischer Berg-Hauswurz;1;;
Sempervivum montanum;Westliche Berg-Hauswurz;1;;
Sempervivum montanum agg.;Sammelart Westliche Berg-Hauswurz;1;;
Sempervivum montanum x wulfenii;Hybride Westliche Berg- mit Wulfen-Hauswurz;1;;
Sempervivum stiriacum;Steirische Berg-Hauswurz;1;;
Sempervivum tectorum;Dach-Hauswurz;1;;
Sempervivum tectorum agg.;Sammelart Dach-Hauswurz;1;;
Sempervivum wulfenii;Wulfen-Hauswurz;1;4;
Sempervivum wulfenii agg.;Sammelart Wulfen-Hauswurz;1;;
Senecio aquaticus;Wasser-Greiskraut;;2;
Senecio cordatus;Alpen-Greiskraut;;3;
Senecio paludosus;Sumpf-Greiskraut;;2;
Serratula tinctoria;Echt-Färberscharte;2;2;
Seseli annuum;Steppen-Sesel;;5;gefährdet - im Flachgau: ausgerottet, erloschen, verschollen
Seseli libanotis;Heilwurz;;5;ungefährdet - im Flachgau: stark gefährdet
Seseli libanotis ssp. libanotis;Gebirgs-Heilwurz;;5;ungefährdet - im Flachgau: stark gefährdet
Silaum silaus;Wiesensilge;;2;
Sisymbrium strictissimum;Steif-Rauke;;3;
Soldanella minima;Kleinst-Soldanelle;;4;
Sparganium angustifolium;Schmalblatt-Igelkolben;;4;
Sparganium emersum;Astlos-Igelkolben;;3;
Sparganium erectum ssp. microcarpum;Kleinfrüchtiger Äste-Igelkolben;;0;
Sparganium natans;Zwerg-Igelkolben;;2;
Spergula arvensis;Acker-Spörgel;;5;ungefährdet - im Flachgau: gefährdet
Spergula arvensis ssp. arvensis;Gewöhnlicher Acker-Spörgel;;5;ungefährdet - im Flachgau: gefährdet
Sphagnum angustifolium;Schmalblättriges Torfmoos;;3;
Sphagnum palustre;Sumpf-Torfmoos;;3;
Sphagnum papillosum;Papillöses Torfmoos;;2;
Sphagnum subsecundum;Einseitswendiges Torfmoos;;3;
Sphagnum tenellum;Zartes Torfmoos;;2;
Spiranthes aestivalis;Sommer-Wendelähre;5;1;
Spiranthes spiralis;Herbst-Wendelähre;2;1;
Spirodela polyrhiza;Europa-Teichlinse;;1;
Stachys recta;Aufrecht-Ziest;;2;
Stachys recta ssp. recta;Eigentlicher Aufrecht-Ziest;;2;
Staphylea pinnata;Europa-Pimpernuss;;4;
Stellaria holostea;Groß-Sternmiere;;1;
Stellaria longifolia;Langblatt-Sternmiere;;4;
Stipa eriocaulis;Zierlich-Federgras;2;3;
Stipa eriocaulis ssp. austriaca;Österreichisches Zierlich-Federgras;2;3;
Swertia perennis;Sumpf-Tarant;2;5;ungefährdet - im Flachgau: stark gefährdet
Swertia perennis ssp. perennis;Eigentlicher Sumpf-Tarant;2;5;ungefährdet - im Flachgau: stark gefährdet
Symphytum tuberosum;Knollen-Beinwell;;5;ungefährdet - in den Hohen Tauern: potenziell gefährdet
Tanacetum corymbosum;Strauß-Wucherblume;;4;
Tanacetum corymbosum ssp. subcorymbosum;Berg-Strauß-Wucherblume;;4;
Taraxacum cucullatum;Eigentlicher Kapuzen-Löwenzahn;;4;
Taraxacum cucullatum agg.;Sammelart Eigentlicher Kapuzen-Löwenzahn;;4;
Taraxacum laevigatum agg.;Sammelart Schwielen-Löwenzahn;;0;
Taraxacum palustre agg.;Sammelart Sumpf-Löwenzahn;;1;
Taxus baccata;Europa-Eibe;1;5;gefährdet - in den Hohen Tauern und der Grauwackenzone: vom Aussterben bedroht
Tephroseris helenitis;Alant-Aschenkraut;;2;
Tephroseris helenitis ssp. helenitis;Gewöhnliches Alant-Aschenkraut;;2;
Tephroseris helenitis ssp. salisburgensis;Salzburger-Alant-Aschenkraut;;2;
Tephroseris longifolia;Voralpen-Aschenkraut;;3;
Tephroseris tenuifolia;Schweizer-Aschenkraut;;3;
Teucrium botrys;Trauben-Gamander;;0;
Teucrium scorodonia;Salbei-Gamander;;4;
Thalictrum alpinum;Alpen-Wiesenraute;;0;
Thalictrum lucidum;Glanz-Wiesenraute;;3;
Thalictrum minus;Klein-Wiesenraute;;5;ungefährdet - im Flachgau: gefährdet
Thalictrum minus ssp. pratense;Frühe Klein-Wiesenraute;;5;ungefährdet - im Flachgau: gefährdet
Thalictrum minus ssp. saxatile;Felsen-Klein-Wiesenraute;;5;ungefährdet - im Flachgau: gefährdet
Thalictrum simplex;Einfach-Wiesenraute;;2;
Thalictrum simplex ssp. galioides;Labkraut-Wiesenraute;;2;
Thalictrum simplex ssp. tenuifolium;Mittlere Wiesenraute;;2;
Thelypteris palustris;Sumpffarn;;2;
Thelypteris palustris ssp. palustris;Eigentlich-Sumpffarn;;2;
Thesium linophyllon;Mittel-Leinblatt;;0;
Thesium pyrenaicum;Wiesen-Leinblatt;;5;ungefährdet - im Flachgau: ausgerottet, erloschen, verschollen
Thesium pyrenaicum ssp. alpestre;Großblütiges Wiesen-Leinblatt;;5;ungefährdet - im Flachgau: ausgerottet, erloschen, verschollen
Thesium rostratum;Schnabel-Leinblatt;;0;
Traunsteinera globosa;Kugelständel;2;4;
Trichophorum alpinum;Alpen-Haarbinse;;5;ungefährdet - im Flachgau: gefährdet
Trichophorum cespitosum;Rasen-Haarbinse;;5;ungefährdet - im Flachgau: gefährdet
Trichophorum cespitosum ssp. cespitosum;Eigentliche Rasen-Haarbinse;;5;ungefährdet - im Flachgau: gefährdet
Trientalis europaea;Europa-Siebenstern;;1;
Trifolium arvense;Hasen-Klee;;3;
Trifolium arvense ssp. arvense;Eigentlicher Hasen-Klee;;3;
Trifolium spadiceum;Moor-Klee;;2;
Triglochin palustre;Sumpf-Dreizack;;5;ungefährdet - im Flachgau: stark gefährdet
Trollius europaeus;Europa-Trollblume;4;;
Typha angustifolia;Schmalblatt-Rohrkolben;2;1;
Typha latifolia;Breitblatt-Rohrkolben;2;3;
Typha minima;Zwerg-Rohrkolben;2;0;
Typha minima agg.;Sammelart Zwerg-Rohrkolben;2;;
Typha shuttleworthii;Silber-Rohrkolben;2;1;
Ulmus laevis;Flatter-Ulme;;0;
Ulmus minor;Feld-Ulme;;2;
Ulmus minor ssp. minor;Gewöhnliche Feld-Ulme;;2;
Utricularia australis;Groß-Wasserschlauch;2;1;
Utricularia intermedia;Mittel-Wasserschlauch;2;2;
Utricularia intermedia agg.;Sammelart Mittel-Wasserschlauch;2;;
Utricularia minor;Klein-Wasserschlauch;2;2;
Utricularia minor agg.;Sammelart Klein-Wasserschlauch;2;;
Utricularia vulgaris;Gewöhnlich-Wasserschlauch;2;3;
Utricularia vulgaris agg.;Sammelart Gewöhnlich-Wasserschlauch;2;3;
Vaccinium microcarpum;Klein-Torfbeere;;2;
Vaccinium oxycoccos;Groß-Torfbeere;;3;
Vaccinium uliginosum;Moor-Nebelbeere;;3;
Valeriana celtica;Echt-Speik;1;;
Valeriana celtica ssp. norica;Östlicher Echt-Speik;1;;
Valerianella dentata;Zähnchen-Feldsalat;;3;
Valerianella rimosa;Furchen-Feldsalat;;2;
Verbascum blattaria;Schaben-Königskerze;;2;
Verbascum chaixii ssp. austriacum;Eigentliche Österreich-Königskerze;;4;
Veronica opaca;Glanzlos-Ehrenpreis;;3;
Veronica orchidea;Orchideen-Blauweiderich;;1;
Veronica scutellata;Schild-Ehrenpreis;;2;
Veronica teucrium;Groß-Ehrenpreis;;2;
Veronica triphyllos;Finger-Ehrenpreis;;0;
Veronica verna;Frühlings-Ehrenpreis;;2;
Vicia angustifolia;Schmalblatt-Wicke;;3;
Vicia dumetorum;Hecken-Wicke;;3;
Vicia oroboides;Walderbsen-Wicke;;4;
Vicia tenuifolia;Feinblatt-Vogel-Wicke;;3;
Viola alba;Weiß-Veilchen;;3;
Viola alba ssp. alba;Weißsporn-Weiß-Veilchen;;3;
Viola alba ssp. scotophylla;Lilasporn-Weiß-Veilchen;;3;
Viola canina ssp. canina;Gewöhnliches Hunds-Veilchen;;3;
Viola mirabilis;Wunder-Veilchen;;4;
Viola pyrenaica;Pyrenäen-Veilchen;;0;
Viscaria vulgaris;Gewöhnlich-Pechnelke;;3;
Willemetia stipitata;Kronlattich;;5;ungefährdet - im Flachgau: gefährdet
Willemetia stipitata ssp. stipitata;Eigentlich-Kronlattich;;5;ungefährdet - im Flachgau: gefährdet
Woodsia alpina;Alpen-Wimperfarn;;4;
Woodsia ilvensis;Rost-Wimperfarn;;0;
Woodsia ilvensis ssp. ilvensis;Eigentlicher Rost-Wimperfarn;;0;
Zannichellia palustris;Sumpf-Teichfaden;;3;
Zannichellia palustris ssp. palustris;Eigentlicher Sumpf-Teichfaden;;3;
