"penalty";"taxon";"matched.taxon";"guess1";"guess2";"guess3";"guess4";"guess5";"guess6";"guess7";"guess8";"guess9";"guess10";"guess11";"guess12";"guess13";"guess14";"guess15";"guess16";"guess17";"guess18";"guess19";"guess20";"guess21";"guess22";"guess23";"guess24";"guess25";"guess26";"guess27";"guess28";"guess29";"guess30";"guess31";"guess32";"guess33";"guess34";"guess35";"guess36";"guess37";"guess38";"guess39";"guess40";"guess41";"guess42";"guess43";"guess44";"guess45";"guess46";"guess47";"guess48";"guess49";"guess50";"guess51";"guess52";"guess53";"guess54";"guess55";"guess56";"guess57";"guess58";"guess59";"guess60";"guess61";"guess62";"guess63";"guess64";"guess65";"guess66";"guess67";"guess68";"guess69";"guess70";"guess71";"guess72";"guess73";"guess74";"guess75";"guess76";"guess77";"guess78";"guess79";"guess80";"guess81";"guess82";"guess83";"guess84";"guess85";"guess86";"guess87";"guess88";"guess89";"guess90";"guess91";"guess92";"guess93";"guess94";"guess95";"guess96";"guess97";"guess98";"guess99";"guess100";"guess101";"guess102";"guess103";"guess104";"guess105";"guess106";"guess107";"guess108";"guess109";"guess110";"guess111";"guess112";"guess113";"guess114";"guess115";"guess116";"guess117";"guess118";"guess119";"guess120";"guess121";"guess122";"guess123";"guess124";"guess125";"guess126";"guess127";"guess128";"guess129";"guess130";"guess131";"guess132";"guess133";"guess134";"guess135";"guess136";"guess137";"guess138";"guess139";"guess140";"guess141";"guess142";"guess143";"guess144";"guess145";"guess146";"guess147";"guess148";"guess149";"guess150";"guess151";"guess152";"guess153";"guess154";"guess155";"guess156";"guess157";"guess158";"guess159";"guess160";"guess161";"guess162";"guess163";"guess164";"guess165";"guess166";"guess167";"guess168";"guess169";"guess170";"guess171";"guess172";"guess173";"guess174";"guess175";"guess176";"guess177";"guess178";"guess179";"guess180";"guess181";"guess182";"guess183"
17204;"Polytrichum species";"";"Polytrichum sp.";"Polytrichum strictum";"Polystichum sp.";"Polytrichum commune";"Polytrichum piliferum";"Orthotrichum speciosum";"Polystichum lonchitis";"Polystichum setiferum";"Polytrichum formosum";"Polytrichum hyperboreum";"Polytrichum juniperinum";"Polytrichum longisetum";"Atrichum sp.";"Ditrichum sp.";"Eritrichum sp.";"Orthotrichum sprucei";"Polychidium sp.";"Polycoccum sp.";"Polystichum braunii";"Polystichum falcatum";"Polytrichastrum sp.";"Polytrichum attenuatum";"Botrychium simplex";"Botrychium sp.";"Colchicum sp.";"Ditrichum astomoides";"Ditrichum lineare";"Orthotrichum pallens";"Orthotrichum patens";"Orthotrichum sp.";"Pleuridium sp.";"Polycnemum sp.";"Polygonatum sp.";"Polygonum sp.";"Polypodium sp.";"Polystichum aculeatum";"Polytrichum pallidisetum";"Atrichum crispum";"Atrichum tenellum";"Callitriche sp.";"Ditrichum breidleri";"Ditrichum pallidum";"Ditrichum pusillum";"Eurhynchium speciosum";"Hypericum elegans";"Hypericum elodes";"Hypericum sp.";"Oligotrichium sp.";"Orthotrichum affine";"Orthotrichum alpestre";"Orthotrichum ibericum";"Orthotrichum lyellii";"Orthotrichum pumilum";"Orthotrichum rupestre";"Orthotrichum scanicum";"Orthotrichum sordidum";"Polychidium muscicola";"Polycoccum peltigerae";"Polytrichastrum alpinum";"Psorotichia caesia";"Telekia speciosa";"Verbascum speciosum";"Allium senescens";"Ditrichum flexicaule";"Ditrichum subulatum";"Galeopsis speciosa";"Homalothecium sericeum";"Lolium perenne";"Orthotrichum pellucidum";"Orthotrichum pylaisii";"Orthotrichum stellatum";"Orthotrichum stramineum";"Orthotrichum striatum";"Orthotrichum tenellum";"Phaecolicium sp.";"Polypogon monspeliensis";"Racomitrium ericoides";"Racomitrium sp.";"Bassia tricuspis";"Chenopodium suecicum";"Cynodontium suecicum";"Ditrichum cornubicum";"Ditrichum plumbicola";"Goniomitrium seroi";"Goniomitrium sp.";"Haplomitrium sp.";"Helictotrichon sp.";"Heterodermia speciosa";"Micromitrium sp.";"Oligotrichum hercynicum";"Orthotrichum anomalum";"Orthotrichum consimile";"Orthotrichum cupulatum";"Orthotrichum diaphanum";"Orthotrichum flowersii";"Orthotrichum laevigatum";"Orthotrichum pulchellum";"Orthotrichum rivulare";"Orthotrichum urnigerum";"Physcomitrium sp.";"Polycoccum sporastatiae";"Polycoccum squamarioides";"Polytrichastrum sphaerothecium";"Ptychomitrium sp.";"Racomitrium canescens";"Racomitrium sudeticum";"Splachnum sphaericum";"Trifolium spadiceum";"Hylotelephium spectabile";"Arthothelium spectabile";"Asplenium seelosii";"Atrichum angustatum";"Callitriche palustris";"Ditrichum crispatissimum";"Ditrichum cylindricum";"Glyphomitrium sp.";"Helictotrichon petzense";"Hypericum hirsutum";"Orthotrichum acuminatum";"Orthotrichum limprichtii";"Orthotrichum philibertii";"Physcomitrium sphaericum";"Polygonum arenastrum";"Polytrichastrum sexangulare";"Racomitrium panschii";"Rapistrum perenne";"Helictotrichon pubescens";"Botrychium lanceolatum";"Ditrichum heteromallum";"Epilobium fleischeri";"Glyphomitrium daviesii";"Hypericum perforatum";"Micromitrium tenerum";"Orthotrichum callistomum";"Orthotrichum microcarpum";"Orthotrichum obtusifolium";"Physcomitrium arenicola";"Polycoccum trypethellioides";"Polycoccum vermicularium";"Polystichum aculeatum agg.";"Ptychomitrium nigrescens";"Racomitrium aciculare";"Scleropodium cespitans";"Trifolium pallescens";"Helictotrichon pratensis";"Orthotrichum gymnostomum";"Physcomitrium pyriforme";"Polycoccum microsticticum";"Racomitrium fasciculare";"Sclerolaena tricuspis";"Taraxacum speciosiflorum";"Cynodontium gracilescens";"Helictotrichon desertorum";"Hypericum x desetangsii";"Laserpitium peucedanoides";"Phaecolicium compressulum";"Plagiothecium neckeroideum";"Asplenium septentrionale";"Physcomitrium eurystomum";"Polytrichum commune var. commune";"Racomitrium heterostichum";"Splachnum pensylvanicum";"Callitriche palustris agg.";"Chenopodium strictum s.str.";"Polytricha alpinum var. septentrio";"Polytrichum commune var. jensenii";"Polytrichum commune var. nigrescens";"Scoliciosporum perpusillum";"Aster tripolium ssp. pannonicus";"Polytrichum commune var. perigoniale";"Protothelenella polytrichi";"Polytrichastrum alpinum var. alpinum";"Polytrichastrum alpinum var. arcticum";"Ditrichum flexicaule var. sterilis";"Allium senescens ssp. montanum";"Asplenium trichomanes ssp. trichomanes";"Thymus praecox ssp. polytrichus";"Orthotrichum cupulatum var. riparium";"Ditrichum flexicaule var. flexicaule";"Orthotrichum cupulatum var. cupulatum";"Ditrichum heteromallum var. zonatum";"Helictotrichon desertorum ssp. basalticum";"Ditrichum heteromallum var. heteromallum"
14534;"Schistidium species";"";"Schistidium sp.";"Schistidium alpicola";"Schistidium boreale";"Schistidium strictum";"Schistidium apocarpum";"Schistidium flaccidum";"Schistidium agassizii";"Schistidium brunnescens";"Schistidium confertum";"Schistidium maritimum";"Schistidium trichodon";"Rhytidium sp.";"Schistidium atrofuscum";"Scorpidium sp.";"Stigmidium psorae";"Stigmidium sp.";"Thelidium aphanes";"Archidium sp.";"Crossidium sp.";"Distichium sp.";"Gastridium sp.";"Levisticum sp.";"Ptilidium sp.";"Schismus sp.";"Schizymenium sp.";"Scorpidium scorpioides";"Stigmidium dispersum";"Stigmidium eucline";"Stigmidium hageniae";"Stigmidium pumilum";"Thelidium decipiens";"Thelidium sp.";"Thuidium sp.";"Amblystegium serpens";"Amphidium sp.";"Chenopodium suecicum";"Cinclidium stygium";"Cinclidium sp.";"Crossidium aberrans";"Crossidium seriatum";"Ctenidium sp.";"Euclidium sp.";"Eurhynchium speciosum";"Harpidium sp.";"Hieracium spurium";"Orthotrichum speciosum";"Pleopsidium sp.";"Polychidium sp.";"Rhamphidium sp.";"Rhytidium rugosum";"Schistostega sp.";"Stigmidium conspurcans";"Stigmidium fuscatae";"Stigmidium schaereri";"Thelidium gisleri";"Alchemilla speciosa";"Anisomeridium sp.";"Brachypodium sp.";"Cynodontium suecicum";"Galeopsis speciosa";"Hieracium caesium";"Hieracium sparsum";"Polystichum setiferum";"Ptilidium ciliare";"Ptychodium sp.";"Rapistrum perenne";"Rhynchostegium sp.";"Schismatomma pericleum";"Scleropodium cespitans";"Sedum spectabile";"Stigmidium congestum";"Stigmidium punctillum";"Stigmidium superpositum";"Thelidium impressum";"Thelidium subsimplex";"Thelidium suzaeanum";"Trichostomum sp.";"Verbascum speciosum";"Thuidium abietinum";"Arthothelium spectabile";"Brachypodium rupestre";"Cistus monspeliensis";"Cnestrum schisti";"Crossidium laevipilum";"Crossidium squamiferum";"Euclidium syriacum";"Physcomitrium sp.";"Polychidium muscicola";"Rhynchostegium murale";"Sisymbrium pallescens";"Stigmidium aggregatum";"Thelidium cinerascens";"Thelidium scopolianum";"Thuidium recognitum";"Crossidium crassinerve";"Glyphomitrium daviesii";"Hieracium glaciellum";"Hieracium pallescens";"Physcomitrium sphaericum";"Pseudocrossidium sp.";"Ptychodium plicatum";"Rhynchostegium alopecuroides";"Rhynchostegium riparioides";"Stigmidium solarinarium";"Stigmidium stygnospilum";"Thelidium aeneovinosum";"Thelidium stenosporum";"Thelidium submethorium";"Thuidium philibertii";"Brachypodium distachyon";"Brachypodium pinnatum";"Cirsium erisithales";"Cirsium decussatum";"Ctenidium procerrimum";"Hieracium caespitosum";"Physcomitrium arenicola";"Placynthium asperellum";"Ptilidium pulcherrimum";"Rhynchostegium confertum";"Teloschistes sp.";"Thelidium brachysporum";"Thuidium delicatulum";"Trichostomum crispulum";"Hylotelephium spectabile";"Archidium alternifolium";"Cerastium semidecandrum";"Cirsium spinosissimum";"Diploschistes bisporus";"Diploschistes gypsaceus";"Diploschistes sp.";"Laserpitium peucedanoides";"Orchis mascula ssp. speciosa";"Physcomitrium pyriforme";"Polytrichastrum sp.";"Schizymenium pontevedrensis";"Thelidium pyrenophorum";"Diploschistes muscorum";"Diploschistes scruposus";"Hieracium pietroszense";"Hieracium sciadophorum";"Scandix pecten-veneris";"Taraxacum speciosiflorum";"Fulgensia schistidii";"Hieracium sphaerocephalum";"Hieracium wiesbaurianum";"Physcomitrium eurystomum";"Pseudocrossidium revolutum";"Rhynchostegium megapolitanum";"Schistidium alpicola var. alpicola";"Schistidium alpicola var. rivulare";"Brachypodium pinnatum agg.";"Elymus hispidus ssp. hispidus";"Polytrichastrum sphaerothecium";"Leontodon hispidus ssp. opimus";"Polytrichastrum sexangulare";"Pseudocrossidium hornschuchianum";"Leontodon hispidus ssp. alpinus";"Elymus hispidus ssp. barbulatus";"Leontodon hispidus ssp. hastilis";"Leontodon hispidus ssp. hispidus";"Leontodon hispidus ssp. hyoseroides";"Diploschistes muscorum var. iridatus";"Leontodon hispidus ssp. pseudocrispus";"Crossidium squamiferu var. pottioideu";"Crossidium squamiferu var. squamiferu";"Sempervivum arachnoideum ssp. tomentosum";"Sempervivum arachnoideum ssp. arachnoideum";"Scandix pecten-veneris ssp. pecten-veneris";"";"";"";"";"";"";"";"";"";"";"";"";"";"";""
10295;"Sempervivum stiriacum";"";"Sempervivum montanum";"Sempervivum tectorum";"Sempervivum alpinum";"Sempervivum marmoreum";"Doronicum stiriacum";"Sempervivum pittonii";"Sempervivum sp.";"Delphinium austriacum";"Sempervivum arachnoideum";"Sempervivum wulfenii";"Seseli austriacum";"Campylium stellatum";"Euclidium syriacum";"Geranium sibiricum";"Hieracium austriacum";"Hygrohypnum styriacum";"Hypericum barbatum";"Hypericum hirsutum";"Leptodontium styriacum";"Sisymbrium austriacum";"Sphagnum strictum";"Trifolium striatum";"Alchemilla stiriaca";"Allium strictum";"Crossidium seriatum";"Doronicum austriacum";"Ephemerum stellatum";"Erysimum strictum";"Euphrasia stiriaca";"Eurhynchium striatum";"Galium austriacum";"Heracleum austriacum";"Hieracium atratum";"Hieracium spurium";"Hieracium zizianum";"Hypericum dubium";"Hypericum montanum";"Lepidium sativum";"Lepidium texanum";"Lepidium virginicum";"Lepidium africanum";"Leptogium imbricatum";"Leptogium saturninum";"Limonium sinuatum";"Linum austriacum";"Onopordum tauricum";"Orthotrichum striatum";"Polytrichum strictum";"Schistidium strictum";"Sedum atratum";"Sedum spurium";"Seligeria austriaca";"Symphytum cordatum";"Teucrium scordium";"Thelidium austriacum";"Trifolium strictum";"Xanthium sibiricum";"Verbascum austriacum";"Bupleurum stellatum";"Chenopodium suecicum";"Echium italicum";"Empetrum nigrum";"Epilobium ciliatum";"Erysimum virgatum";"Fagopyrum tataricum";"Melampyrum barbatum";"Melampyrum cristatum";"Panicum miliaceum";"Pleurospermum austriacum";"Pulmonaria stiriaca";"Rubus styriacus";"Taraxacum austriacum";"Trisetum spicatum";"Campylostelium strictum";"Conioselinum tataricum";"Corispermum nitidum";"Dracocephalum austriacum";"Eurhynchium striatulum";"Herbertus stramineus";"Laserpitium latifolium";"Laserpitium prutenicum";"Leucanthemum atratum";"Orthothecium strictum";"Petroselinum crispum";"Phaeophyscia stiriaca";"Piptatherum miliaceum";"Racomitrium sudeticum";"Sisymbrium altissimum";"Sisymbrium irio";"Catoscopium nigritum";"Homalothecium sericeum";"Sempervivum montanum ssp. stiriacum";"Sisymbrium strictissimum";"Acarospora austriaca";"Amblystegium varium";"Anisomeridium carinthiacum";"Chenopodium striatiforme";"Empetrum nigrum agg.";"Hieracium carinthostiriacum";"Peucedanum austriacum agg.";"Physcomitrium sphaericum";"Pseudephemerum nitidum";"Hylotelephium jullianum";"Asplenium trichomanes";"Ephemerum recurvifolium";"Hypericum maculatum agg.";"Scoliciosporum umbrinum";"Sedum atratum ssp. atratum";"Erysimum virgatum agg.";"Peucedanum austriacum s.str.";"Chenopodium strictum s.lat.";"Chenopodium strictum s.str.";"Ephemerum serratum s.lat.";"Ephemerum serratum s.str.";"Hypericum maculatum s.str.";"Leucanthemum atratum agg.";"Sedum atratum ssp. carinthiacum";"Sempervivum montanum ssp. carpaticum";"Sempervivum montanum ssp. montanum";"Linum austriacum ssp. austriacum";"Panicum miliaceum ssp. miliaceum";"Delphinium elatum ssp. austriacum";"Verbascum chaixii ssp. austriacum";"Campylium stellatum var. stellatum";"Heracleum austriacum ssp. austriacum";"Panicum miliaceum ssp. agricola";"Laserpitium latifolium ssp. asperum";"Panicum miliaceum ssp. ruderale";"Sempervivum arachnoideum ssp. tomentosum";"Campylium stellatum var. protensum";"Heracleum austriacum ssp. siifolium";"Sempervivum arachnoideum ssp. arachnoideum";"Trisetum spicatum ssp. ovatipanic";"Ephemerum serratum var. minutissimum";"Asplenium trichomanes ssp. hastatum";"Laserpitium latifolium ssp. latifolium";"§Asplenium trichomanes ssp. hastatum";"Asplenium trichomanes ssp. trichomanes";"Asplenium trichomanes ssp. inexpectans";"Asplenium trichomanes ssp. pachyrhachis";"Asplenium trichomanes ssp. quadrivalens";"";"";"";"";"";"";"";"";"";"";"";"";"";"";"";"";"";"";"";"";"";"";"";"";"";"";"";"";"";"";"";"";"";"";"";"";"";"";"";"";"";""
5252;"Dicranum species";"";"Dicranum spurium";"Dicranum laevidens";"Dicranum spadiceum";"Dicranum sp.";"Dicranum bergeri";"Dicranum fuscescens";"Dicranum majus";"Dicranum scoparium";"Dicranum viride";"Dicranum fulvum";"Dicranum tauricum";"Dicranum bonjeanii";"Dicranum flexicaule";"Dicranum polysetum";"Dicranum scottianum";"Dictamnus sp.";"Hieracium spurium";"Dicranum montanum";"Blechnum spicant";"Dicranum brevifolium";"Dicranum elongatum";"Dicranum leioneuron";"Hieracium caesium";"Hieracium sparsum";"Origanum sp.";"Verbascum speciosum";"Dicranum flagellare";"Dicranella crispa";"Dicranella rufescens";"Dicranoweisia sp.";"Dicranum acutifolium";"Dicranum drummondii";"Erigeron speciosus";"Linum perenne";"Peucedanum sp.";"Telekia speciosa";"Phedimus spurius";"Allium senescens";"Dicranum groenlandicum";"Dicranum muehlenbeckii";"Eurhynchium speciosum";"Galeopsis speciosa";"Hieracium glaciellum";"Hieracium pallescens";"Orthodicranum sp.";"Porpidia speirea";"Sedum spectabile";"Thelidium aphanes";"Alchemilla speciosa";"Cirsium erisithales";"Cirsium decussatum";"Cynodontium suecicum";"Dicranoweisia cirrata";"Dicranum fragilifolium";"Heterodermia speciosa";"Hieracium caespitosum";"Orthotrichum speciosum";"Splachnum sphaericum";"Thelidium decipiens";"Chenopodium suecicum";"Cirsium spinosissimum";"Dicranoweisia crispula";"Orthotrichum sprucei";"Peucedanum cervaria";"Peucedanum palustre";"Bacidia circumspecta";"Crossidium seriatum";"Dicranella cerviculata";"Dicranoweisia compacta";"Hieracium pietroszense";"Hieracium sciadophorum";"Leptodictyum sp.";"Linum perenne agg.";"Lopadium pezizoideum";"Orthodicranum montanum";"Peucedanum oreoselinum";"Taraxacum speciosiflorum";"Arthothelium spectabile";"Hieracium sphaerocephalum";"Hieracium wiesbaurianum";"Orthodicranum flagellare";"Polystichum setiferum";"Scleropodium cespitans";"Stigmidium superpositum";"Glyphomitrium daviesii";"Physcomitrium sphaericum";"Thelidium stenosporum";"Hylotelephium spectabile";"Solanum sisymbriifolium";"Splachnum pensylvanicum";"Sphagnum imbricatum s.str.";"Porpidia speirea var. speirea";"Dicranum muehlenbec var. muehlenbec";"Phyteuma spicatum ssp. coeruleum";"Phyteuma spicatum ssp. spicatum";"Porpidia speirea var. alpina";"Dicranum muehlenbeckii var. spadiceum";"Allium senescens ssp. montanum";"Trisetum spicatum ssp. ovatipanic";"Porpidia speirea var. prochsthallina";"";"";"";"";"";"";"";"";"";"";"";"";"";"";"";"";"";"";"";"";"";"";"";"";"";"";"";"";"";"";"";"";"";"";"";"";"";"";"";"";"";"";"";"";"";"";"";"";"";"";"";"";"";"";"";"";"";"";"";"";"";"";"";"";"";"";"";"";"";"";"";"";"";"";"";"";"";"";"";"";"";"";""
3080;"Mutellina adonidifolia";"";"Pellia endiviifolia";"Stellaria longifolia";"Achillea grandifolia";"Buellia arnoldii";"Buellia epipolia";"Euthamia graminifolia";"Mentha longifolia";"Nowellia curvifolia";"Achillea aspleniifolia";"Bergenia cordifolia";"Buellia concinna";"Crepis conyzifolia";"Crepis rhoeadifolia";"Cucurbita ficifolia";"Frullania fragilifolia";"Kalmia angustifolia";"Knautia longifolia";"Physalis longifolia";"Prunella grandiflora";"Scutellaria hastifolia";"Veronica acinifolia";"Weissia longifolia";"Alchemilla mollifolia";"Buellia disciformis";"Buellia geophila";"Buellia nivalis";"Buellia sanguinolenta";"Cardamine resedifolia";"Globularia cordifolia";"Inula ensifolia";"Kitaibela vitifolia";"Marsupella sparsifolia";"Minuartia laricifolia";"Phacelia tanacetifolia";"Toninia sedifolia";"Tortula cuneifolia";"Alchemilla monticola";"Andromeda polifolia";"Campanula persicifolia";"Campanula rotundifolia";"Hieracium cidoniifolium";"Jamesoniella undilifolia";"Lavandula angustifolia";"Parmelia sorediosa";"Phyteuma betonicifolium";"Primula integrifolia";"Ptelea trifoliata";"Pulmonaria angustifolia";"Ranunculus aconitifolius";"Knautia dipsacifolia";"Campanula alliariifolia";"Cephalanthera longifolia";"Cladonia foliacea";"Hygrobiella laxifolia";"Tolypella nidifica";"Tomasellia arthonioides";"Epilobium anagallidifolium";"Absconditella lignicola";"Minuartia laricifolia agg.";"Campanula rotundifolia agg.";"Allantoparmelia alpicola";"Arabis bellidifolia s.lat.";"Arabis bellidifolia s.str.";"Ligusticum mutellinoides";"Rumex acetosella ""tenuifolius""";"Tephroseris longifolia agg.";"Tolypella nidifica var. nidifica";"Campanula rotundifolia ""tatrae""";"Tephroseris longifolia s.str.";"Buellia disciformis var. disciformis";"Campanula rotundifolia ""mentiens""";"Campanula rotundifolia ""rotundifolia""";"Campanula rotundifolia ""sudetica""";"Buellia disciformis var. leptocline";"Buellia disciformis var. microspora";"Tolypella nidifica var. glomerata";"";"";"";"";"";"";"";"";"";"";"";"";"";"";"";"";"";"";"";"";"";"";"";"";"";"";"";"";"";"";"";"";"";"";"";"";"";"";"";"";"";"";"";"";"";"";"";"";"";"";"";"";"";"";"";"";"";"";"";"";"";"";"";"";"";"";"";"";"";"";"";"";"";"";"";"";"";"";"";"";"";"";"";"";"";"";"";"";"";"";"";"";"";"";"";"";"";"";"";"";"";"";"";"";"";"";""
2627;"Flavocetraria nivalis";"";"Cetraria nivalis";"Caloplaca nivalis";"Verrucaria rivalis";"Voitia nivalis";"Andreaea nivalis";"Buellia nivalis";"Gentiana nivalis";"Sanionia nivalis";"Squamarina nivalis";"Cetraria tilesii";"Cladonia uncialis";"Convallaria majalis";"Falcaria vulgaris";"Fragaria viridis";"Galanthus nivalis";"Globularia nudicaulis";"Glyceria nemoralis";"Polyblastia rivalis";"Setaria italica";"Setaria viridis";"Verrucaria muralis";"Cetraria agnata";"Cetraria delisei";"Cetraria pinastri";"Cetraria tubulosa";"Cymbalaria muralis";"Diplotaxis muralis";"Lepraria alba";"Parietaria judaica";"Pulmonaria mollis";"Vallisneria spiralis";"Alectoria nigricans";"Amelanchier ovalis";"Caloplaca variabilis";"Cetraria hepatizon";"Cetraria islandica";"Cetraria laureri";"Cetraria sp.";"Lethraria vulpina";"Rostraria cristata";"Asperula orientalis";"Cetraria commixta";"Cetraria cucullata";"Cetraria oakesiana";"Cetraria sepincola";"Eleocharis palustris";"Evernia divaricata";"Lepraria caesioalba";"Lepraria neglecta";"Lepraria rigidula";"Absconditella trivialis";"Cetraria ericetorum";"Cetrelia cetrarioides";"Lepraria crasissima";"Cetraria chlorophylla";"Lobaria amplissima";"Arenaria ciliata agg.";"Verrucaria piliscsabensis";"Arenaria ciliata s.str.";"Eleocharis palustris agg.";"Setaria viridis ssp. viridis";"Pulmonaria mollis ssp. mollis";"Arenaria ciliata ssp. ciliata";"Eleocharis palustris ssp. vulgaris";"Arenaria ciliata ssp. tenella";"Eleocharis palustris ssp. palustris";"Pulmonaria mollis ssp. alpigena";"Cetraria commixta f. sorediella";"Setaria viridis ssp. pycnocoma";"Cetraria islandica ssp. crispiformis";"";"";"";"";"";"";"";"";"";"";"";"";"";"";"";"";"";"";"";"";"";"";"";"";"";"";"";"";"";"";"";"";"";"";"";"";"";"";"";"";"";"";"";"";"";"";"";"";"";"";"";"";"";"";"";"";"";"";"";"";"";"";"";"";"";"";"";"";"";"";"";"";"";"";"";"";"";"";"";"";"";"";"";"";"";"";"";"";"";"";"";"";"";"";"";"";"";"";"";"";"";"";"";"";"";"";"";"";"";"";"";"";""
2079;"Flavocetraria cucullata";"";"Cetraria cucullata";"Bartramia subulata";"Cetraria tubulosa";"Cladonia subulata";"Rostraria cristata";"Acarospora bullata";"Bryoria furcellata";"Calceolaria pinnata";"Cetraria agnata";"Cetraria commixta";"Cladonia ciliata";"Elsholtzia ciliata";"Globularia punctata";"Glyceria declinata";"Hypochaeris maculata";"Micarea lutulata";"Pertusaria oculata";"Setaria geniculata";"Euphorbia maculata";"Ceratocephala falcata";"Cetraria oakesiana";"Eleocharis acicularis";"Falcaria vulgaris";"Lepraria incana";"Lepraria neglecta";"Lescuraea incurvata";"Lethraria vulpina";"Lunularia cruciata";"Opegrapha vulgata";"Polyblastia maculata";"Seligeria recurvata";"Taraxacum cucullatum";"Umbilicaria decussata";"Veronica scutellata";"Cetraria islandica";"Cetraria laureri";"Polyblastia decussata";"Polyblastia subocellata";"Taraxacum sect. Cucullata";"Cetraria hepatizon";"Dicranella cerviculata";"Polyblastia cupularis";"Cetraria chlorophylla";"Hydrilla verticillata";"Lepraria latebrarum";"Arenaria ciliata agg.";"Cladonia ciliata var. ciliata";"Eleocharis mamillata s.str.";"Arenaria ciliata s.str.";"Eleocharis mamillata s.lat.";"Arenaria ciliata ssp. ciliata";"Cladonia ciliata var. tenuis";"Dactylorhiza maculata sensu LGM";"Arenaria ciliata ssp. tenella";"Medicago varia (falcata x sativa)";"Cetraria commixta f. sorediella";"§Dactylorhiza maculata ssp. elodes";"§Dactylorhiza maculata ssp. maculata";"Orthotrichum cupulatum var. cupulatum";"Cetraria islandica ssp. crispiformis";"§Dactylorhiza maculata ssp. transsilvanica";"Dactylorhiza maculata s.lat. (inkl. fuchsii)";"";"";"";"";"";"";"";"";"";"";"";"";"";"";"";"";"";"";"";"";"";"";"";"";"";"";"";"";"";"";"";"";"";"";"";"";"";"";"";"";"";"";"";"";"";"";"";"";"";"";"";"";"";"";"";"";"";"";"";"";"";"";"";"";"";"";"";"";"";"";"";"";"";"";"";"";"";"";"";"";"";"";"";"";"";"";"";"";"";"";"";"";"";"";"";"";"";"";"";"";"";"";"";"";"";"";"";"";"";"";"";"";"";"";"";"";"";"";"";"";""
495;"Cetraria islandica subsp. islandica";"";"Cetraria islandica ssp. crispiformis";"Carex flacca ssp. flacca";"Cetraria islandica";"Trinia glauca ssp. glauca";"Camelina sativa ssp. sativa";"Campanula carnica ssp. carnica";"Campanula moravica ssp. moravica";"Campanula sibirica ssp. sibirica";"Centaurea scabiosa ssp. scabiosa";"Cerinthe alpina ssp. tatrica";"Herniaria glabra ssp. glabra";"Leonurus cardiaca ssp. cardiaca";"Linaria alpina ssp. alpina";"Moehringia bavarica ssp. bavarica";"Salix triandra ssp. triandra";"Setaria viridis ssp. viridis";"Armeria elongata ssp. elongata";"Pastinaca sativa ssp. sativa";"Setaria viridis ssp. pycnocoma";"Ephedra distachya ssp. helvetica";"Arenaria ciliata ssp. ciliata";"Centaurea scabiosa ssp. sadleriana";"Cuscuta scandens ssp. cesatiana";"Dactylis glomerata ssp. hispanica";"Glyceria striata ssp. stricta";"Valeriana celtica ssp. norica";"Digitaria sanguinali ssp. sanguinali";"Vincetoxic hirundinar ssp. hirundinar";"Centaurea phrygia ssp. melanocalathia";"";"";"";"";"";"";"";"";"";"";"";"";"";"";"";"";"";"";"";"";"";"";"";"";"";"";"";"";"";"";"";"";"";"";"";"";"";"";"";"";"";"";"";"";"";"";"";"";"";"";"";"";"";"";"";"";"";"";"";"";"";"";"";"";"";"";"";"";"";"";"";"";"";"";"";"";"";"";"";"";"";"";"";"";"";"";"";"";"";"";"";"";"";"";"";"";"";"";"";"";"";"";"";"";"";"";"";"";"";"";"";"";"";"";"";"";"";"";"";"";"";"";"";"";"";"";"";"";"";"";"";"";"";"";"";"";"";"";"";"";"";"";"";"";"";"";"";"";"";"";"";"";"";""
464;"Soldanella pusilla subsp. alpicola";"";"Silene pusilla ssp. pusilla";"Lecanora rupicola ssp. rupicola";"Silene pusilla ssp. pudibunda";"Pulsatilla alpina ssp. apiifolia";"Scapania calcicola ssp. calcicola";"Silene latifolia ssp. latifolia";"Soldanella pusilla";"Silene alba subsp. alba";"Soldanella hungarica ssp. major";"Campanula patula ssp. patula";"Festuca rupicola ssp. rupicola";"Primula auricula ssp. auricula";"Pulsatilla alpina ssp. alba";"Silene latifolia ssp. alba";"Soldanella carpatica";"Linaria alpina ssp. alpina";"Saussurea alpina ssp. alpina";"Silene pusilla s.lat.";"Soldanella austriaca";"Anthyllis vulneraria ssp. alpicola";"Pritzelago alpina ssp. alpina";"Pulsatilla alpina ssp. alpina s.lat.";"Fossombronia pusilla var. pusilla";"Schistidium alpicola var. alpicola";"Pulsatilla alpina ssp. austroalpina";"Pulsatilla alpina ssp. alpina s.str.";"Silene pusilla ssp. quadridentatum auct.";"§Pulsatilla alpina ssp. alba auct. sudet. & carpat.";"";"";"";"";"";"";"";"";"";"";"";"";"";"";"";"";"";"";"";"";"";"";"";"";"";"";"";"";"";"";"";"";"";"";"";"";"";"";"";"";"";"";"";"";"";"";"";"";"";"";"";"";"";"";"";"";"";"";"";"";"";"";"";"";"";"";"";"";"";"";"";"";"";"";"";"";"";"";"";"";"";"";"";"";"";"";"";"";"";"";"";"";"";"";"";"";"";"";"";"";"";"";"";"";"";"";"";"";"";"";"";"";"";"";"";"";"";"";"";"";"";"";"";"";"";"";"";"";"";"";"";"";"";"";"";"";"";"";"";"";"";"";"";"";"";"";"";"";"";"";"";"";"";"";""
350;"Scorzoneroides helvetica";"";"Scapania helvetica";"Scorzonera hispanica";"Androsace helvetica";"Selaginella helvetica";"Leontodon helveticus";"Onosma helvetica";"Polyblastia helvetica";"Salix helvetica";"Scorzonera aristata";"Scorzonera austriaca";"Scorzonera humilis";"Scorzonera rosea";"Ephedra helvetica";"Scorzonera cana";"Scorzonera laciniata";"Scorzonera parviflora";"Cystopteris sudetica";"Tephroseris helenitis";"Scirpoides holoschoenus";"Gypsophila scorzonerifolia";"Hieracium scorzonerifolium";"Onosma helvetica ssp. austriaca";"Tephroseris helenitis ssp. helenitis";"Tephroseris helenitis ssp. salisburgensis";"";"";"";"";"";"";"";"";"";"";"";"";"";"";"";"";"";"";"";"";"";"";"";"";"";"";"";"";"";"";"";"";"";"";"";"";"";"";"";"";"";"";"";"";"";"";"";"";"";"";"";"";"";"";"";"";"";"";"";"";"";"";"";"";"";"";"";"";"";"";"";"";"";"";"";"";"";"";"";"";"";"";"";"";"";"";"";"";"";"";"";"";"";"";"";"";"";"";"";"";"";"";"";"";"";"";"";"";"";"";"";"";"";"";"";"";"";"";"";"";"";"";"";"";"";"";"";"";"";"";"";"";"";"";"";"";"";"";"";"";"";"";"";"";"";"";"";"";"";"";"";"";"";"";"";"";"";"";""
324;"Scorzoneroides autumnalis";"";"Leontodon autumnalis";"Scorzonera humilis";"Sesleria autumnalis";"Jamesoniella autumnalis";"Scorzonera austriaca";"Scorzonera aristata";"Scorzonera cana";"Scorzonera hispanica";"Scorzonera purpurea";"Colchicum autumnale";"Coronilla vaginalis";"Scorzonera laciniata";"Hyacinthoides italica";"Hesperis matronalis agg.";"Ranunculus pseudovertumnalis";"Leontodon autumnalis ssp. autumnalis";"Hesperis matronalis s.lat.";"Gypsophila scorzonerifolia";"Hesperis matronalis ssp. matronalis";"Hieracium scorzonerifolium";"Hesperis matronalis ssp. nivea";"Hesperis matronalis ssp. candida";"Leontodon autumnalis ssp. pratensis";"";"";"";"";"";"";"";"";"";"";"";"";"";"";"";"";"";"";"";"";"";"";"";"";"";"";"";"";"";"";"";"";"";"";"";"";"";"";"";"";"";"";"";"";"";"";"";"";"";"";"";"";"";"";"";"";"";"";"";"";"";"";"";"";"";"";"";"";"";"";"";"";"";"";"";"";"";"";"";"";"";"";"";"";"";"";"";"";"";"";"";"";"";"";"";"";"";"";"";"";"";"";"";"";"";"";"";"";"";"";"";"";"";"";"";"";"";"";"";"";"";"";"";"";"";"";"";"";"";"";"";"";"";"";"";"";"";"";"";"";"";"";"";"";"";"";"";"";"";"";"";"";"";"";"";"";"";"";"";""
44;"Huperzia selago subsp. selago";"";"Huperzia selago";"Carex elata ssp. elata";"Lejeunea flava ssp. flava";"Minuartia setacea ssp. setacea";"Armeria elongata ssp. elongata";"Minuartia setacea ssp. bannatica";"Centaurea phrygia ssp. melanocalathia";"";"";"";"";"";"";"";"";"";"";"";"";"";"";"";"";"";"";"";"";"";"";"";"";"";"";"";"";"";"";"";"";"";"";"";"";"";"";"";"";"";"";"";"";"";"";"";"";"";"";"";"";"";"";"";"";"";"";"";"";"";"";"";"";"";"";"";"";"";"";"";"";"";"";"";"";"";"";"";"";"";"";"";"";"";"";"";"";"";"";"";"";"";"";"";"";"";"";"";"";"";"";"";"";"";"";"";"";"";"";"";"";"";"";"";"";"";"";"";"";"";"";"";"";"";"";"";"";"";"";"";"";"";"";"";"";"";"";"";"";"";"";"";"";"";"";"";"";"";"";"";"";"";"";"";"";"";"";"";"";"";"";"";"";"";"";"";"";"";"";"";"";"";"";"";""
20;"Arenaria ciliata";"";"Arenaria ciliata agg.";"Arenaria ciliata s.str.";"Arenaria ciliata ssp. ciliata";"Arenaria ciliata ssp. tenella";"";"";"";"";"";"";"";"";"";"";"";"";"";"";"";"";"";"";"";"";"";"";"";"";"";"";"";"";"";"";"";"";"";"";"";"";"";"";"";"";"";"";"";"";"";"";"";"";"";"";"";"";"";"";"";"";"";"";"";"";"";"";"";"";"";"";"";"";"";"";"";"";"";"";"";"";"";"";"";"";"";"";"";"";"";"";"";"";"";"";"";"";"";"";"";"";"";"";"";"";"";"";"";"";"";"";"";"";"";"";"";"";"";"";"";"";"";"";"";"";"";"";"";"";"";"";"";"";"";"";"";"";"";"";"";"";"";"";"";"";"";"";"";"";"";"";"";"";"";"";"";"";"";"";"";"";"";"";"";"";"";"";"";"";"";"";"";"";"";"";"";"";"";"";"";"";"";"";""
14;"Carex sempervirens subsp. sempervirens";"";"Salix repens ssp. repens";"Veronica peregrina ssp. peregrina";"Hippocrepis emerus ssp. emerus";"";"";"";"";"";"";"";"";"";"";"";"";"";"";"";"";"";"";"";"";"";"";"";"";"";"";"";"";"";"";"";"";"";"";"";"";"";"";"";"";"";"";"";"";"";"";"";"";"";"";"";"";"";"";"";"";"";"";"";"";"";"";"";"";"";"";"";"";"";"";"";"";"";"";"";"";"";"";"";"";"";"";"";"";"";"";"";"";"";"";"";"";"";"";"";"";"";"";"";"";"";"";"";"";"";"";"";"";"";"";"";"";"";"";"";"";"";"";"";"";"";"";"";"";"";"";"";"";"";"";"";"";"";"";"";"";"";"";"";"";"";"";"";"";"";"";"";"";"";"";"";"";"";"";"";"";"";"";"";"";"";"";"";"";"";"";"";"";"";"";"";"";"";"";"";"";"";"";"";""
9;"Pulsatilla alpina subsp. alba";"";"Pulsatilla alpina ssp. alba";"§Pulsatilla alpina ssp. alba auct. sudet. & carpat.";"";"";"";"";"";"";"";"";"";"";"";"";"";"";"";"";"";"";"";"";"";"";"";"";"";"";"";"";"";"";"";"";"";"";"";"";"";"";"";"";"";"";"";"";"";"";"";"";"";"";"";"";"";"";"";"";"";"";"";"";"";"";"";"";"";"";"";"";"";"";"";"";"";"";"";"";"";"";"";"";"";"";"";"";"";"";"";"";"";"";"";"";"";"";"";"";"";"";"";"";"";"";"";"";"";"";"";"";"";"";"";"";"";"";"";"";"";"";"";"";"";"";"";"";"";"";"";"";"";"";"";"";"";"";"";"";"";"";"";"";"";"";"";"";"";"";"";"";"";"";"";"";"";"";"";"";"";"";"";"";"";"";"";"";"";"";"";"";"";"";"";"";"";"";"";"";"";"";"";"";""
6;"Dryopteris carthusiana s.str.";"Dryopteris carthusiana agg.";"Dryopteris carthusiana s.str.";"Dryopteris carthusiana x cristata";"Dryopteris carthusiana x dilatata";"";"";"";"";"";"";"";"";"";"";"";"";"";"";"";"";"";"";"";"";"";"";"";"";"";"";"";"";"";"";"";"";"";"";"";"";"";"";"";"";"";"";"";"";"";"";"";"";"";"";"";"";"";"";"";"";"";"";"";"";"";"";"";"";"";"";"";"";"";"";"";"";"";"";"";"";"";"";"";"";"";"";"";"";"";"";"";"";"";"";"";"";"";"";"";"";"";"";"";"";"";"";"";"";"";"";"";"";"";"";"";"";"";"";"";"";"";"";"";"";"";"";"";"";"";"";"";"";"";"";"";"";"";"";"";"";"";"";"";"";"";"";"";"";"";"";"";"";"";"";"";"";"";"";"";"";"";"";"";"";"";"";"";"";"";"";"";"";"";"";"";"";"";"";"";"";"";"";"";""
6;"Luzula alpinopilosa s.str.";"Luzula alpinopilosa";"Luzula alpinopilosa ssp. obscura";"Luzula alpinopilosa ssp. candollei";"Luzula alpinopilosa ssp. alpinopilosa";"";"";"";"";"";"";"";"";"";"";"";"";"";"";"";"";"";"";"";"";"";"";"";"";"";"";"";"";"";"";"";"";"";"";"";"";"";"";"";"";"";"";"";"";"";"";"";"";"";"";"";"";"";"";"";"";"";"";"";"";"";"";"";"";"";"";"";"";"";"";"";"";"";"";"";"";"";"";"";"";"";"";"";"";"";"";"";"";"";"";"";"";"";"";"";"";"";"";"";"";"";"";"";"";"";"";"";"";"";"";"";"";"";"";"";"";"";"";"";"";"";"";"";"";"";"";"";"";"";"";"";"";"";"";"";"";"";"";"";"";"";"";"";"";"";"";"";"";"";"";"";"";"";"";"";"";"";"";"";"";"";"";"";"";"";"";"";"";"";"";"";"";"";"";"";"";"";"";"";""
5;"Campanula barbata subsp. barbata";"";"Campanula barbata ssp. barbata";"";"";"";"";"";"";"";"";"";"";"";"";"";"";"";"";"";"";"";"";"";"";"";"";"";"";"";"";"";"";"";"";"";"";"";"";"";"";"";"";"";"";"";"";"";"";"";"";"";"";"";"";"";"";"";"";"";"";"";"";"";"";"";"";"";"";"";"";"";"";"";"";"";"";"";"";"";"";"";"";"";"";"";"";"";"";"";"";"";"";"";"";"";"";"";"";"";"";"";"";"";"";"";"";"";"";"";"";"";"";"";"";"";"";"";"";"";"";"";"";"";"";"";"";"";"";"";"";"";"";"";"";"";"";"";"";"";"";"";"";"";"";"";"";"";"";"";"";"";"";"";"";"";"";"";"";"";"";"";"";"";"";"";"";"";"";"";"";"";"";"";"";"";"";"";"";"";"";"";"";"";""
5;"Carex curvula subsp. curvula";"";"Carex curvula ssp. curvula";"";"";"";"";"";"";"";"";"";"";"";"";"";"";"";"";"";"";"";"";"";"";"";"";"";"";"";"";"";"";"";"";"";"";"";"";"";"";"";"";"";"";"";"";"";"";"";"";"";"";"";"";"";"";"";"";"";"";"";"";"";"";"";"";"";"";"";"";"";"";"";"";"";"";"";"";"";"";"";"";"";"";"";"";"";"";"";"";"";"";"";"";"";"";"";"";"";"";"";"";"";"";"";"";"";"";"";"";"";"";"";"";"";"";"";"";"";"";"";"";"";"";"";"";"";"";"";"";"";"";"";"";"";"";"";"";"";"";"";"";"";"";"";"";"";"";"";"";"";"";"";"";"";"";"";"";"";"";"";"";"";"";"";"";"";"";"";"";"";"";"";"";"";"";"";"";"";"";"";"";"";""
5;"Dactylis glomerata subsp. glomerata";"";"Dactylis glomerata ssp. glomerata";"";"";"";"";"";"";"";"";"";"";"";"";"";"";"";"";"";"";"";"";"";"";"";"";"";"";"";"";"";"";"";"";"";"";"";"";"";"";"";"";"";"";"";"";"";"";"";"";"";"";"";"";"";"";"";"";"";"";"";"";"";"";"";"";"";"";"";"";"";"";"";"";"";"";"";"";"";"";"";"";"";"";"";"";"";"";"";"";"";"";"";"";"";"";"";"";"";"";"";"";"";"";"";"";"";"";"";"";"";"";"";"";"";"";"";"";"";"";"";"";"";"";"";"";"";"";"";"";"";"";"";"";"";"";"";"";"";"";"";"";"";"";"";"";"";"";"";"";"";"";"";"";"";"";"";"";"";"";"";"";"";"";"";"";"";"";"";"";"";"";"";"";"";"";"";"";"";"";"";"";"";""
5;"Juniperus communis subsp. nana";"";"Juniperus communis ssp. nana";"";"";"";"";"";"";"";"";"";"";"";"";"";"";"";"";"";"";"";"";"";"";"";"";"";"";"";"";"";"";"";"";"";"";"";"";"";"";"";"";"";"";"";"";"";"";"";"";"";"";"";"";"";"";"";"";"";"";"";"";"";"";"";"";"";"";"";"";"";"";"";"";"";"";"";"";"";"";"";"";"";"";"";"";"";"";"";"";"";"";"";"";"";"";"";"";"";"";"";"";"";"";"";"";"";"";"";"";"";"";"";"";"";"";"";"";"";"";"";"";"";"";"";"";"";"";"";"";"";"";"";"";"";"";"";"";"";"";"";"";"";"";"";"";"";"";"";"";"";"";"";"";"";"";"";"";"";"";"";"";"";"";"";"";"";"";"";"";"";"";"";"";"";"";"";"";"";"";"";"";"";""
5;"Rumex acetosella subsp. acetosella";"";"Rumex acetosella ssp. acetosella";"";"";"";"";"";"";"";"";"";"";"";"";"";"";"";"";"";"";"";"";"";"";"";"";"";"";"";"";"";"";"";"";"";"";"";"";"";"";"";"";"";"";"";"";"";"";"";"";"";"";"";"";"";"";"";"";"";"";"";"";"";"";"";"";"";"";"";"";"";"";"";"";"";"";"";"";"";"";"";"";"";"";"";"";"";"";"";"";"";"";"";"";"";"";"";"";"";"";"";"";"";"";"";"";"";"";"";"";"";"";"";"";"";"";"";"";"";"";"";"";"";"";"";"";"";"";"";"";"";"";"";"";"";"";"";"";"";"";"";"";"";"";"";"";"";"";"";"";"";"";"";"";"";"";"";"";"";"";"";"";"";"";"";"";"";"";"";"";"";"";"";"";"";"";"";"";"";"";"";"";"";""
5;"Senecio incanus subsp. carniolicus";"";"Senecio incanus ssp. carniolicus";"";"";"";"";"";"";"";"";"";"";"";"";"";"";"";"";"";"";"";"";"";"";"";"";"";"";"";"";"";"";"";"";"";"";"";"";"";"";"";"";"";"";"";"";"";"";"";"";"";"";"";"";"";"";"";"";"";"";"";"";"";"";"";"";"";"";"";"";"";"";"";"";"";"";"";"";"";"";"";"";"";"";"";"";"";"";"";"";"";"";"";"";"";"";"";"";"";"";"";"";"";"";"";"";"";"";"";"";"";"";"";"";"";"";"";"";"";"";"";"";"";"";"";"";"";"";"";"";"";"";"";"";"";"";"";"";"";"";"";"";"";"";"";"";"";"";"";"";"";"";"";"";"";"";"";"";"";"";"";"";"";"";"";"";"";"";"";"";"";"";"";"";"";"";"";"";"";"";"";"";"";""
3;"Carex brunnescens var. brunnescens";"Carex brunnescens ssp. brunnescens";"Carex brunnescens ssp. vitilis";"Carex brunnescens";"";"";"";"";"";"";"";"";"";"";"";"";"";"";"";"";"";"";"";"";"";"";"";"";"";"";"";"";"";"";"";"";"";"";"";"";"";"";"";"";"";"";"";"";"";"";"";"";"";"";"";"";"";"";"";"";"";"";"";"";"";"";"";"";"";"";"";"";"";"";"";"";"";"";"";"";"";"";"";"";"";"";"";"";"";"";"";"";"";"";"";"";"";"";"";"";"";"";"";"";"";"";"";"";"";"";"";"";"";"";"";"";"";"";"";"";"";"";"";"";"";"";"";"";"";"";"";"";"";"";"";"";"";"";"";"";"";"";"";"";"";"";"";"";"";"";"";"";"";"";"";"";"";"";"";"";"";"";"";"";"";"";"";"";"";"";"";"";"";"";"";"";"";"";"";"";"";"";"";"";""
3;"Carex brunnescens s.lat";"Carex brunnescens";"Carex brunnescens ssp. vitilis";"Carex brunnescens ssp. brunnescens";"";"";"";"";"";"";"";"";"";"";"";"";"";"";"";"";"";"";"";"";"";"";"";"";"";"";"";"";"";"";"";"";"";"";"";"";"";"";"";"";"";"";"";"";"";"";"";"";"";"";"";"";"";"";"";"";"";"";"";"";"";"";"";"";"";"";"";"";"";"";"";"";"";"";"";"";"";"";"";"";"";"";"";"";"";"";"";"";"";"";"";"";"";"";"";"";"";"";"";"";"";"";"";"";"";"";"";"";"";"";"";"";"";"";"";"";"";"";"";"";"";"";"";"";"";"";"";"";"";"";"";"";"";"";"";"";"";"";"";"";"";"";"";"";"";"";"";"";"";"";"";"";"";"";"";"";"";"";"";"";"";"";"";"";"";"";"";"";"";"";"";"";"";"";"";"";"";"";"";"";""
3;"Cladonia arbuscula s.lat.";"Cladonia arbuscula";"Cladonia arbuscula ssp. mitis";"Cladonia arbuscula ssp. squarrosa";"";"";"";"";"";"";"";"";"";"";"";"";"";"";"";"";"";"";"";"";"";"";"";"";"";"";"";"";"";"";"";"";"";"";"";"";"";"";"";"";"";"";"";"";"";"";"";"";"";"";"";"";"";"";"";"";"";"";"";"";"";"";"";"";"";"";"";"";"";"";"";"";"";"";"";"";"";"";"";"";"";"";"";"";"";"";"";"";"";"";"";"";"";"";"";"";"";"";"";"";"";"";"";"";"";"";"";"";"";"";"";"";"";"";"";"";"";"";"";"";"";"";"";"";"";"";"";"";"";"";"";"";"";"";"";"";"";"";"";"";"";"";"";"";"";"";"";"";"";"";"";"";"";"";"";"";"";"";"";"";"";"";"";"";"";"";"";"";"";"";"";"";"";"";"";"";"";"";"";"";""
3;"Lotus corniculatus s.str.";"Lotus corniculatus";"Lotus corniculatus agg.";"Lotus corniculatus var. alpicola";"";"";"";"";"";"";"";"";"";"";"";"";"";"";"";"";"";"";"";"";"";"";"";"";"";"";"";"";"";"";"";"";"";"";"";"";"";"";"";"";"";"";"";"";"";"";"";"";"";"";"";"";"";"";"";"";"";"";"";"";"";"";"";"";"";"";"";"";"";"";"";"";"";"";"";"";"";"";"";"";"";"";"";"";"";"";"";"";"";"";"";"";"";"";"";"";"";"";"";"";"";"";"";"";"";"";"";"";"";"";"";"";"";"";"";"";"";"";"";"";"";"";"";"";"";"";"";"";"";"";"";"";"";"";"";"";"";"";"";"";"";"";"";"";"";"";"";"";"";"";"";"";"";"";"";"";"";"";"";"";"";"";"";"";"";"";"";"";"";"";"";"";"";"";"";"";"";"";"";"";""
3;"Luzula spicata s.lat.";"Luzula spicata";"Luzula spicata ssp. spicata";"Luzula spicata ssp. mutabilis";"";"";"";"";"";"";"";"";"";"";"";"";"";"";"";"";"";"";"";"";"";"";"";"";"";"";"";"";"";"";"";"";"";"";"";"";"";"";"";"";"";"";"";"";"";"";"";"";"";"";"";"";"";"";"";"";"";"";"";"";"";"";"";"";"";"";"";"";"";"";"";"";"";"";"";"";"";"";"";"";"";"";"";"";"";"";"";"";"";"";"";"";"";"";"";"";"";"";"";"";"";"";"";"";"";"";"";"";"";"";"";"";"";"";"";"";"";"";"";"";"";"";"";"";"";"";"";"";"";"";"";"";"";"";"";"";"";"";"";"";"";"";"";"";"";"";"";"";"";"";"";"";"";"";"";"";"";"";"";"";"";"";"";"";"";"";"";"";"";"";"";"";"";"";"";"";"";"";"";"";""
3;"Lycopodium clavatum s.lat.";"Lycopodium clavatum";"Lycopodium clavatum ssp. clavatum";"Lycopodium clavatum ssp. monostachyon";"";"";"";"";"";"";"";"";"";"";"";"";"";"";"";"";"";"";"";"";"";"";"";"";"";"";"";"";"";"";"";"";"";"";"";"";"";"";"";"";"";"";"";"";"";"";"";"";"";"";"";"";"";"";"";"";"";"";"";"";"";"";"";"";"";"";"";"";"";"";"";"";"";"";"";"";"";"";"";"";"";"";"";"";"";"";"";"";"";"";"";"";"";"";"";"";"";"";"";"";"";"";"";"";"";"";"";"";"";"";"";"";"";"";"";"";"";"";"";"";"";"";"";"";"";"";"";"";"";"";"";"";"";"";"";"";"";"";"";"";"";"";"";"";"";"";"";"";"";"";"";"";"";"";"";"";"";"";"";"";"";"";"";"";"";"";"";"";"";"";"";"";"";"";"";"";"";"";"";"";""
1;"Euphrasia minima s.str.";"Euphrasia minima";"Euphrasia minima agg.";"";"";"";"";"";"";"";"";"";"";"";"";"";"";"";"";"";"";"";"";"";"";"";"";"";"";"";"";"";"";"";"";"";"";"";"";"";"";"";"";"";"";"";"";"";"";"";"";"";"";"";"";"";"";"";"";"";"";"";"";"";"";"";"";"";"";"";"";"";"";"";"";"";"";"";"";"";"";"";"";"";"";"";"";"";"";"";"";"";"";"";"";"";"";"";"";"";"";"";"";"";"";"";"";"";"";"";"";"";"";"";"";"";"";"";"";"";"";"";"";"";"";"";"";"";"";"";"";"";"";"";"";"";"";"";"";"";"";"";"";"";"";"";"";"";"";"";"";"";"";"";"";"";"";"";"";"";"";"";"";"";"";"";"";"";"";"";"";"";"";"";"";"";"";"";"";"";"";"";"";"";""
1;"Juncus trifidus s.str.";"Juncus trifidus";"Juncus trifidus agg.";"";"";"";"";"";"";"";"";"";"";"";"";"";"";"";"";"";"";"";"";"";"";"";"";"";"";"";"";"";"";"";"";"";"";"";"";"";"";"";"";"";"";"";"";"";"";"";"";"";"";"";"";"";"";"";"";"";"";"";"";"";"";"";"";"";"";"";"";"";"";"";"";"";"";"";"";"";"";"";"";"";"";"";"";"";"";"";"";"";"";"";"";"";"";"";"";"";"";"";"";"";"";"";"";"";"";"";"";"";"";"";"";"";"";"";"";"";"";"";"";"";"";"";"";"";"";"";"";"";"";"";"";"";"";"";"";"";"";"";"";"";"";"";"";"";"";"";"";"";"";"";"";"";"";"";"";"";"";"";"";"";"";"";"";"";"";"";"";"";"";"";"";"";"";"";"";"";"";"";"";"";""
1;"Phleum pratense s.str.";"Phleum pratense";"Phleum pratense agg.";"";"";"";"";"";"";"";"";"";"";"";"";"";"";"";"";"";"";"";"";"";"";"";"";"";"";"";"";"";"";"";"";"";"";"";"";"";"";"";"";"";"";"";"";"";"";"";"";"";"";"";"";"";"";"";"";"";"";"";"";"";"";"";"";"";"";"";"";"";"";"";"";"";"";"";"";"";"";"";"";"";"";"";"";"";"";"";"";"";"";"";"";"";"";"";"";"";"";"";"";"";"";"";"";"";"";"";"";"";"";"";"";"";"";"";"";"";"";"";"";"";"";"";"";"";"";"";"";"";"";"";"";"";"";"";"";"";"";"";"";"";"";"";"";"";"";"";"";"";"";"";"";"";"";"";"";"";"";"";"";"";"";"";"";"";"";"";"";"";"";"";"";"";"";"";"";"";"";"";"";"";""
1;"Pinus mugo s.str.";"Pinus mugo agg.";"Pinus mugo s.str.";"";"";"";"";"";"";"";"";"";"";"";"";"";"";"";"";"";"";"";"";"";"";"";"";"";"";"";"";"";"";"";"";"";"";"";"";"";"";"";"";"";"";"";"";"";"";"";"";"";"";"";"";"";"";"";"";"";"";"";"";"";"";"";"";"";"";"";"";"";"";"";"";"";"";"";"";"";"";"";"";"";"";"";"";"";"";"";"";"";"";"";"";"";"";"";"";"";"";"";"";"";"";"";"";"";"";"";"";"";"";"";"";"";"";"";"";"";"";"";"";"";"";"";"";"";"";"";"";"";"";"";"";"";"";"";"";"";"";"";"";"";"";"";"";"";"";"";"";"";"";"";"";"";"";"";"";"";"";"";"";"";"";"";"";"";"";"";"";"";"";"";"";"";"";"";"";"";"";"";"";"";""
1;"Thamnolia vermicularis var. vermicularis";"Thamnolia vermicular var. subuliform";"Thamnolia vermicularis";"";"";"";"";"";"";"";"";"";"";"";"";"";"";"";"";"";"";"";"";"";"";"";"";"";"";"";"";"";"";"";"";"";"";"";"";"";"";"";"";"";"";"";"";"";"";"";"";"";"";"";"";"";"";"";"";"";"";"";"";"";"";"";"";"";"";"";"";"";"";"";"";"";"";"";"";"";"";"";"";"";"";"";"";"";"";"";"";"";"";"";"";"";"";"";"";"";"";"";"";"";"";"";"";"";"";"";"";"";"";"";"";"";"";"";"";"";"";"";"";"";"";"";"";"";"";"";"";"";"";"";"";"";"";"";"";"";"";"";"";"";"";"";"";"";"";"";"";"";"";"";"";"";"";"";"";"";"";"";"";"";"";"";"";"";"";"";"";"";"";"";"";"";"";"";"";"";"";"";"";"";""
0;"Achillea millefolium agg.";"Achillea millefolium agg.";"";"";"";"";"";"";"";"";"";"";"";"";"";"";"";"";"";"";"";"";"";"";"";"";"";"";"";"";"";"";"";"";"";"";"";"";"";"";"";"";"";"";"";"";"";"";"";"";"";"";"";"";"";"";"";"";"";"";"";"";"";"";"";"";"";"";"";"";"";"";"";"";"";"";"";"";"";"";"";"";"";"";"";"";"";"";"";"";"";"";"";"";"";"";"";"";"";"";"";"";"";"";"";"";"";"";"";"";"";"";"";"";"";"";"";"";"";"";"";"";"";"";"";"";"";"";"";"";"";"";"";"";"";"";"";"";"";"";"";"";"";"";"";"";"";"";"";"";"";"";"";"";"";"";"";"";"";"";"";"";"";"";"";"";"";"";"";"";"";"";"";"";"";"";"";"";"";"";"";"";"";"";""
0;"Agrostis capillaris";"Agrostis capillaris";"";"";"";"";"";"";"";"";"";"";"";"";"";"";"";"";"";"";"";"";"";"";"";"";"";"";"";"";"";"";"";"";"";"";"";"";"";"";"";"";"";"";"";"";"";"";"";"";"";"";"";"";"";"";"";"";"";"";"";"";"";"";"";"";"";"";"";"";"";"";"";"";"";"";"";"";"";"";"";"";"";"";"";"";"";"";"";"";"";"";"";"";"";"";"";"";"";"";"";"";"";"";"";"";"";"";"";"";"";"";"";"";"";"";"";"";"";"";"";"";"";"";"";"";"";"";"";"";"";"";"";"";"";"";"";"";"";"";"";"";"";"";"";"";"";"";"";"";"";"";"";"";"";"";"";"";"";"";"";"";"";"";"";"";"";"";"";"";"";"";"";"";"";"";"";"";"";"";"";"";"";"";""
0;"Agrostis rupestris";"Agrostis rupestris";"";"";"";"";"";"";"";"";"";"";"";"";"";"";"";"";"";"";"";"";"";"";"";"";"";"";"";"";"";"";"";"";"";"";"";"";"";"";"";"";"";"";"";"";"";"";"";"";"";"";"";"";"";"";"";"";"";"";"";"";"";"";"";"";"";"";"";"";"";"";"";"";"";"";"";"";"";"";"";"";"";"";"";"";"";"";"";"";"";"";"";"";"";"";"";"";"";"";"";"";"";"";"";"";"";"";"";"";"";"";"";"";"";"";"";"";"";"";"";"";"";"";"";"";"";"";"";"";"";"";"";"";"";"";"";"";"";"";"";"";"";"";"";"";"";"";"";"";"";"";"";"";"";"";"";"";"";"";"";"";"";"";"";"";"";"";"";"";"";"";"";"";"";"";"";"";"";"";"";"";"";"";""
0;"Alectoria ochroleuca";"Alectoria ochroleuca";"";"";"";"";"";"";"";"";"";"";"";"";"";"";"";"";"";"";"";"";"";"";"";"";"";"";"";"";"";"";"";"";"";"";"";"";"";"";"";"";"";"";"";"";"";"";"";"";"";"";"";"";"";"";"";"";"";"";"";"";"";"";"";"";"";"";"";"";"";"";"";"";"";"";"";"";"";"";"";"";"";"";"";"";"";"";"";"";"";"";"";"";"";"";"";"";"";"";"";"";"";"";"";"";"";"";"";"";"";"";"";"";"";"";"";"";"";"";"";"";"";"";"";"";"";"";"";"";"";"";"";"";"";"";"";"";"";"";"";"";"";"";"";"";"";"";"";"";"";"";"";"";"";"";"";"";"";"";"";"";"";"";"";"";"";"";"";"";"";"";"";"";"";"";"";"";"";"";"";"";"";"";""
0;"Anthoxanthum alpinum";"Anthoxanthum alpinum";"";"";"";"";"";"";"";"";"";"";"";"";"";"";"";"";"";"";"";"";"";"";"";"";"";"";"";"";"";"";"";"";"";"";"";"";"";"";"";"";"";"";"";"";"";"";"";"";"";"";"";"";"";"";"";"";"";"";"";"";"";"";"";"";"";"";"";"";"";"";"";"";"";"";"";"";"";"";"";"";"";"";"";"";"";"";"";"";"";"";"";"";"";"";"";"";"";"";"";"";"";"";"";"";"";"";"";"";"";"";"";"";"";"";"";"";"";"";"";"";"";"";"";"";"";"";"";"";"";"";"";"";"";"";"";"";"";"";"";"";"";"";"";"";"";"";"";"";"";"";"";"";"";"";"";"";"";"";"";"";"";"";"";"";"";"";"";"";"";"";"";"";"";"";"";"";"";"";"";"";"";"";""
0;"Arctostaphylos alpinus";"Arctostaphylos alpinus";"";"";"";"";"";"";"";"";"";"";"";"";"";"";"";"";"";"";"";"";"";"";"";"";"";"";"";"";"";"";"";"";"";"";"";"";"";"";"";"";"";"";"";"";"";"";"";"";"";"";"";"";"";"";"";"";"";"";"";"";"";"";"";"";"";"";"";"";"";"";"";"";"";"";"";"";"";"";"";"";"";"";"";"";"";"";"";"";"";"";"";"";"";"";"";"";"";"";"";"";"";"";"";"";"";"";"";"";"";"";"";"";"";"";"";"";"";"";"";"";"";"";"";"";"";"";"";"";"";"";"";"";"";"";"";"";"";"";"";"";"";"";"";"";"";"";"";"";"";"";"";"";"";"";"";"";"";"";"";"";"";"";"";"";"";"";"";"";"";"";"";"";"";"";"";"";"";"";"";"";"";"";""
0;"Arenaria biflora";"Arenaria biflora";"";"";"";"";"";"";"";"";"";"";"";"";"";"";"";"";"";"";"";"";"";"";"";"";"";"";"";"";"";"";"";"";"";"";"";"";"";"";"";"";"";"";"";"";"";"";"";"";"";"";"";"";"";"";"";"";"";"";"";"";"";"";"";"";"";"";"";"";"";"";"";"";"";"";"";"";"";"";"";"";"";"";"";"";"";"";"";"";"";"";"";"";"";"";"";"";"";"";"";"";"";"";"";"";"";"";"";"";"";"";"";"";"";"";"";"";"";"";"";"";"";"";"";"";"";"";"";"";"";"";"";"";"";"";"";"";"";"";"";"";"";"";"";"";"";"";"";"";"";"";"";"";"";"";"";"";"";"";"";"";"";"";"";"";"";"";"";"";"";"";"";"";"";"";"";"";"";"";"";"";"";"";""
0;"Arnica montana";"Arnica montana";"";"";"";"";"";"";"";"";"";"";"";"";"";"";"";"";"";"";"";"";"";"";"";"";"";"";"";"";"";"";"";"";"";"";"";"";"";"";"";"";"";"";"";"";"";"";"";"";"";"";"";"";"";"";"";"";"";"";"";"";"";"";"";"";"";"";"";"";"";"";"";"";"";"";"";"";"";"";"";"";"";"";"";"";"";"";"";"";"";"";"";"";"";"";"";"";"";"";"";"";"";"";"";"";"";"";"";"";"";"";"";"";"";"";"";"";"";"";"";"";"";"";"";"";"";"";"";"";"";"";"";"";"";"";"";"";"";"";"";"";"";"";"";"";"";"";"";"";"";"";"";"";"";"";"";"";"";"";"";"";"";"";"";"";"";"";"";"";"";"";"";"";"";"";"";"";"";"";"";"";"";"";""
0;"Avenella flexuosa";"Avenella flexuosa";"";"";"";"";"";"";"";"";"";"";"";"";"";"";"";"";"";"";"";"";"";"";"";"";"";"";"";"";"";"";"";"";"";"";"";"";"";"";"";"";"";"";"";"";"";"";"";"";"";"";"";"";"";"";"";"";"";"";"";"";"";"";"";"";"";"";"";"";"";"";"";"";"";"";"";"";"";"";"";"";"";"";"";"";"";"";"";"";"";"";"";"";"";"";"";"";"";"";"";"";"";"";"";"";"";"";"";"";"";"";"";"";"";"";"";"";"";"";"";"";"";"";"";"";"";"";"";"";"";"";"";"";"";"";"";"";"";"";"";"";"";"";"";"";"";"";"";"";"";"";"";"";"";"";"";"";"";"";"";"";"";"";"";"";"";"";"";"";"";"";"";"";"";"";"";"";"";"";"";"";"";"";""
0;"Avenula versicolor";"Avenula versicolor";"";"";"";"";"";"";"";"";"";"";"";"";"";"";"";"";"";"";"";"";"";"";"";"";"";"";"";"";"";"";"";"";"";"";"";"";"";"";"";"";"";"";"";"";"";"";"";"";"";"";"";"";"";"";"";"";"";"";"";"";"";"";"";"";"";"";"";"";"";"";"";"";"";"";"";"";"";"";"";"";"";"";"";"";"";"";"";"";"";"";"";"";"";"";"";"";"";"";"";"";"";"";"";"";"";"";"";"";"";"";"";"";"";"";"";"";"";"";"";"";"";"";"";"";"";"";"";"";"";"";"";"";"";"";"";"";"";"";"";"";"";"";"";"";"";"";"";"";"";"";"";"";"";"";"";"";"";"";"";"";"";"";"";"";"";"";"";"";"";"";"";"";"";"";"";"";"";"";"";"";"";"";""
0;"Bazzania trilobata";"Bazzania trilobata";"";"";"";"";"";"";"";"";"";"";"";"";"";"";"";"";"";"";"";"";"";"";"";"";"";"";"";"";"";"";"";"";"";"";"";"";"";"";"";"";"";"";"";"";"";"";"";"";"";"";"";"";"";"";"";"";"";"";"";"";"";"";"";"";"";"";"";"";"";"";"";"";"";"";"";"";"";"";"";"";"";"";"";"";"";"";"";"";"";"";"";"";"";"";"";"";"";"";"";"";"";"";"";"";"";"";"";"";"";"";"";"";"";"";"";"";"";"";"";"";"";"";"";"";"";"";"";"";"";"";"";"";"";"";"";"";"";"";"";"";"";"";"";"";"";"";"";"";"";"";"";"";"";"";"";"";"";"";"";"";"";"";"";"";"";"";"";"";"";"";"";"";"";"";"";"";"";"";"";"";"";"";""
0;"Calamagrostis villosa";"Calamagrostis villosa";"";"";"";"";"";"";"";"";"";"";"";"";"";"";"";"";"";"";"";"";"";"";"";"";"";"";"";"";"";"";"";"";"";"";"";"";"";"";"";"";"";"";"";"";"";"";"";"";"";"";"";"";"";"";"";"";"";"";"";"";"";"";"";"";"";"";"";"";"";"";"";"";"";"";"";"";"";"";"";"";"";"";"";"";"";"";"";"";"";"";"";"";"";"";"";"";"";"";"";"";"";"";"";"";"";"";"";"";"";"";"";"";"";"";"";"";"";"";"";"";"";"";"";"";"";"";"";"";"";"";"";"";"";"";"";"";"";"";"";"";"";"";"";"";"";"";"";"";"";"";"";"";"";"";"";"";"";"";"";"";"";"";"";"";"";"";"";"";"";"";"";"";"";"";"";"";"";"";"";"";"";"";""
0;"Calluna vulgaris";"Calluna vulgaris";"";"";"";"";"";"";"";"";"";"";"";"";"";"";"";"";"";"";"";"";"";"";"";"";"";"";"";"";"";"";"";"";"";"";"";"";"";"";"";"";"";"";"";"";"";"";"";"";"";"";"";"";"";"";"";"";"";"";"";"";"";"";"";"";"";"";"";"";"";"";"";"";"";"";"";"";"";"";"";"";"";"";"";"";"";"";"";"";"";"";"";"";"";"";"";"";"";"";"";"";"";"";"";"";"";"";"";"";"";"";"";"";"";"";"";"";"";"";"";"";"";"";"";"";"";"";"";"";"";"";"";"";"";"";"";"";"";"";"";"";"";"";"";"";"";"";"";"";"";"";"";"";"";"";"";"";"";"";"";"";"";"";"";"";"";"";"";"";"";"";"";"";"";"";"";"";"";"";"";"";"";"";""
0;"Campanula alpina";"Campanula alpina";"";"";"";"";"";"";"";"";"";"";"";"";"";"";"";"";"";"";"";"";"";"";"";"";"";"";"";"";"";"";"";"";"";"";"";"";"";"";"";"";"";"";"";"";"";"";"";"";"";"";"";"";"";"";"";"";"";"";"";"";"";"";"";"";"";"";"";"";"";"";"";"";"";"";"";"";"";"";"";"";"";"";"";"";"";"";"";"";"";"";"";"";"";"";"";"";"";"";"";"";"";"";"";"";"";"";"";"";"";"";"";"";"";"";"";"";"";"";"";"";"";"";"";"";"";"";"";"";"";"";"";"";"";"";"";"";"";"";"";"";"";"";"";"";"";"";"";"";"";"";"";"";"";"";"";"";"";"";"";"";"";"";"";"";"";"";"";"";"";"";"";"";"";"";"";"";"";"";"";"";"";"";""
0;"Campanula scheuchzeri";"Campanula scheuchzeri";"";"";"";"";"";"";"";"";"";"";"";"";"";"";"";"";"";"";"";"";"";"";"";"";"";"";"";"";"";"";"";"";"";"";"";"";"";"";"";"";"";"";"";"";"";"";"";"";"";"";"";"";"";"";"";"";"";"";"";"";"";"";"";"";"";"";"";"";"";"";"";"";"";"";"";"";"";"";"";"";"";"";"";"";"";"";"";"";"";"";"";"";"";"";"";"";"";"";"";"";"";"";"";"";"";"";"";"";"";"";"";"";"";"";"";"";"";"";"";"";"";"";"";"";"";"";"";"";"";"";"";"";"";"";"";"";"";"";"";"";"";"";"";"";"";"";"";"";"";"";"";"";"";"";"";"";"";"";"";"";"";"";"";"";"";"";"";"";"";"";"";"";"";"";"";"";"";"";"";"";"";"";""
0;"Carex nigra";"Carex nigra";"";"";"";"";"";"";"";"";"";"";"";"";"";"";"";"";"";"";"";"";"";"";"";"";"";"";"";"";"";"";"";"";"";"";"";"";"";"";"";"";"";"";"";"";"";"";"";"";"";"";"";"";"";"";"";"";"";"";"";"";"";"";"";"";"";"";"";"";"";"";"";"";"";"";"";"";"";"";"";"";"";"";"";"";"";"";"";"";"";"";"";"";"";"";"";"";"";"";"";"";"";"";"";"";"";"";"";"";"";"";"";"";"";"";"";"";"";"";"";"";"";"";"";"";"";"";"";"";"";"";"";"";"";"";"";"";"";"";"";"";"";"";"";"";"";"";"";"";"";"";"";"";"";"";"";"";"";"";"";"";"";"";"";"";"";"";"";"";"";"";"";"";"";"";"";"";"";"";"";"";"";"";""
0;"Cladonia rangiferina";"Cladonia rangiferina";"";"";"";"";"";"";"";"";"";"";"";"";"";"";"";"";"";"";"";"";"";"";"";"";"";"";"";"";"";"";"";"";"";"";"";"";"";"";"";"";"";"";"";"";"";"";"";"";"";"";"";"";"";"";"";"";"";"";"";"";"";"";"";"";"";"";"";"";"";"";"";"";"";"";"";"";"";"";"";"";"";"";"";"";"";"";"";"";"";"";"";"";"";"";"";"";"";"";"";"";"";"";"";"";"";"";"";"";"";"";"";"";"";"";"";"";"";"";"";"";"";"";"";"";"";"";"";"";"";"";"";"";"";"";"";"";"";"";"";"";"";"";"";"";"";"";"";"";"";"";"";"";"";"";"";"";"";"";"";"";"";"";"";"";"";"";"";"";"";"";"";"";"";"";"";"";"";"";"";"";"";"";""
0;"Cladonia subulata";"Cladonia subulata";"";"";"";"";"";"";"";"";"";"";"";"";"";"";"";"";"";"";"";"";"";"";"";"";"";"";"";"";"";"";"";"";"";"";"";"";"";"";"";"";"";"";"";"";"";"";"";"";"";"";"";"";"";"";"";"";"";"";"";"";"";"";"";"";"";"";"";"";"";"";"";"";"";"";"";"";"";"";"";"";"";"";"";"";"";"";"";"";"";"";"";"";"";"";"";"";"";"";"";"";"";"";"";"";"";"";"";"";"";"";"";"";"";"";"";"";"";"";"";"";"";"";"";"";"";"";"";"";"";"";"";"";"";"";"";"";"";"";"";"";"";"";"";"";"";"";"";"";"";"";"";"";"";"";"";"";"";"";"";"";"";"";"";"";"";"";"";"";"";"";"";"";"";"";"";"";"";"";"";"";"";"";""
0;"Deschampsia cespitosa";"Deschampsia cespitosa";"";"";"";"";"";"";"";"";"";"";"";"";"";"";"";"";"";"";"";"";"";"";"";"";"";"";"";"";"";"";"";"";"";"";"";"";"";"";"";"";"";"";"";"";"";"";"";"";"";"";"";"";"";"";"";"";"";"";"";"";"";"";"";"";"";"";"";"";"";"";"";"";"";"";"";"";"";"";"";"";"";"";"";"";"";"";"";"";"";"";"";"";"";"";"";"";"";"";"";"";"";"";"";"";"";"";"";"";"";"";"";"";"";"";"";"";"";"";"";"";"";"";"";"";"";"";"";"";"";"";"";"";"";"";"";"";"";"";"";"";"";"";"";"";"";"";"";"";"";"";"";"";"";"";"";"";"";"";"";"";"";"";"";"";"";"";"";"";"";"";"";"";"";"";"";"";"";"";"";"";"";"";""
0;"Dicranum scoparium";"Dicranum scoparium";"";"";"";"";"";"";"";"";"";"";"";"";"";"";"";"";"";"";"";"";"";"";"";"";"";"";"";"";"";"";"";"";"";"";"";"";"";"";"";"";"";"";"";"";"";"";"";"";"";"";"";"";"";"";"";"";"";"";"";"";"";"";"";"";"";"";"";"";"";"";"";"";"";"";"";"";"";"";"";"";"";"";"";"";"";"";"";"";"";"";"";"";"";"";"";"";"";"";"";"";"";"";"";"";"";"";"";"";"";"";"";"";"";"";"";"";"";"";"";"";"";"";"";"";"";"";"";"";"";"";"";"";"";"";"";"";"";"";"";"";"";"";"";"";"";"";"";"";"";"";"";"";"";"";"";"";"";"";"";"";"";"";"";"";"";"";"";"";"";"";"";"";"";"";"";"";"";"";"";"";"";"";""
0;"Diphasiastrum alpinum";"Diphasiastrum alpinum";"";"";"";"";"";"";"";"";"";"";"";"";"";"";"";"";"";"";"";"";"";"";"";"";"";"";"";"";"";"";"";"";"";"";"";"";"";"";"";"";"";"";"";"";"";"";"";"";"";"";"";"";"";"";"";"";"";"";"";"";"";"";"";"";"";"";"";"";"";"";"";"";"";"";"";"";"";"";"";"";"";"";"";"";"";"";"";"";"";"";"";"";"";"";"";"";"";"";"";"";"";"";"";"";"";"";"";"";"";"";"";"";"";"";"";"";"";"";"";"";"";"";"";"";"";"";"";"";"";"";"";"";"";"";"";"";"";"";"";"";"";"";"";"";"";"";"";"";"";"";"";"";"";"";"";"";"";"";"";"";"";"";"";"";"";"";"";"";"";"";"";"";"";"";"";"";"";"";"";"";"";"";""
0;"Empetrum hermaphroditum";"Empetrum hermaphroditum";"";"";"";"";"";"";"";"";"";"";"";"";"";"";"";"";"";"";"";"";"";"";"";"";"";"";"";"";"";"";"";"";"";"";"";"";"";"";"";"";"";"";"";"";"";"";"";"";"";"";"";"";"";"";"";"";"";"";"";"";"";"";"";"";"";"";"";"";"";"";"";"";"";"";"";"";"";"";"";"";"";"";"";"";"";"";"";"";"";"";"";"";"";"";"";"";"";"";"";"";"";"";"";"";"";"";"";"";"";"";"";"";"";"";"";"";"";"";"";"";"";"";"";"";"";"";"";"";"";"";"";"";"";"";"";"";"";"";"";"";"";"";"";"";"";"";"";"";"";"";"";"";"";"";"";"";"";"";"";"";"";"";"";"";"";"";"";"";"";"";"";"";"";"";"";"";"";"";"";"";"";"";""
0;"Festuca halleri agg.";"Festuca halleri agg.";"";"";"";"";"";"";"";"";"";"";"";"";"";"";"";"";"";"";"";"";"";"";"";"";"";"";"";"";"";"";"";"";"";"";"";"";"";"";"";"";"";"";"";"";"";"";"";"";"";"";"";"";"";"";"";"";"";"";"";"";"";"";"";"";"";"";"";"";"";"";"";"";"";"";"";"";"";"";"";"";"";"";"";"";"";"";"";"";"";"";"";"";"";"";"";"";"";"";"";"";"";"";"";"";"";"";"";"";"";"";"";"";"";"";"";"";"";"";"";"";"";"";"";"";"";"";"";"";"";"";"";"";"";"";"";"";"";"";"";"";"";"";"";"";"";"";"";"";"";"";"";"";"";"";"";"";"";"";"";"";"";"";"";"";"";"";"";"";"";"";"";"";"";"";"";"";"";"";"";"";"";"";""
0;"Festuca nigrescens";"Festuca nigrescens";"";"";"";"";"";"";"";"";"";"";"";"";"";"";"";"";"";"";"";"";"";"";"";"";"";"";"";"";"";"";"";"";"";"";"";"";"";"";"";"";"";"";"";"";"";"";"";"";"";"";"";"";"";"";"";"";"";"";"";"";"";"";"";"";"";"";"";"";"";"";"";"";"";"";"";"";"";"";"";"";"";"";"";"";"";"";"";"";"";"";"";"";"";"";"";"";"";"";"";"";"";"";"";"";"";"";"";"";"";"";"";"";"";"";"";"";"";"";"";"";"";"";"";"";"";"";"";"";"";"";"";"";"";"";"";"";"";"";"";"";"";"";"";"";"";"";"";"";"";"";"";"";"";"";"";"";"";"";"";"";"";"";"";"";"";"";"";"";"";"";"";"";"";"";"";"";"";"";"";"";"";"";""
0;"Geum montanum";"Geum montanum";"";"";"";"";"";"";"";"";"";"";"";"";"";"";"";"";"";"";"";"";"";"";"";"";"";"";"";"";"";"";"";"";"";"";"";"";"";"";"";"";"";"";"";"";"";"";"";"";"";"";"";"";"";"";"";"";"";"";"";"";"";"";"";"";"";"";"";"";"";"";"";"";"";"";"";"";"";"";"";"";"";"";"";"";"";"";"";"";"";"";"";"";"";"";"";"";"";"";"";"";"";"";"";"";"";"";"";"";"";"";"";"";"";"";"";"";"";"";"";"";"";"";"";"";"";"";"";"";"";"";"";"";"";"";"";"";"";"";"";"";"";"";"";"";"";"";"";"";"";"";"";"";"";"";"";"";"";"";"";"";"";"";"";"";"";"";"";"";"";"";"";"";"";"";"";"";"";"";"";"";"";"";""
0;"Gnaphalium supinum";"Gnaphalium supinum";"";"";"";"";"";"";"";"";"";"";"";"";"";"";"";"";"";"";"";"";"";"";"";"";"";"";"";"";"";"";"";"";"";"";"";"";"";"";"";"";"";"";"";"";"";"";"";"";"";"";"";"";"";"";"";"";"";"";"";"";"";"";"";"";"";"";"";"";"";"";"";"";"";"";"";"";"";"";"";"";"";"";"";"";"";"";"";"";"";"";"";"";"";"";"";"";"";"";"";"";"";"";"";"";"";"";"";"";"";"";"";"";"";"";"";"";"";"";"";"";"";"";"";"";"";"";"";"";"";"";"";"";"";"";"";"";"";"";"";"";"";"";"";"";"";"";"";"";"";"";"";"";"";"";"";"";"";"";"";"";"";"";"";"";"";"";"";"";"";"";"";"";"";"";"";"";"";"";"";"";"";"";""
0;"Hieracium alpinum";"Hieracium alpinum";"";"";"";"";"";"";"";"";"";"";"";"";"";"";"";"";"";"";"";"";"";"";"";"";"";"";"";"";"";"";"";"";"";"";"";"";"";"";"";"";"";"";"";"";"";"";"";"";"";"";"";"";"";"";"";"";"";"";"";"";"";"";"";"";"";"";"";"";"";"";"";"";"";"";"";"";"";"";"";"";"";"";"";"";"";"";"";"";"";"";"";"";"";"";"";"";"";"";"";"";"";"";"";"";"";"";"";"";"";"";"";"";"";"";"";"";"";"";"";"";"";"";"";"";"";"";"";"";"";"";"";"";"";"";"";"";"";"";"";"";"";"";"";"";"";"";"";"";"";"";"";"";"";"";"";"";"";"";"";"";"";"";"";"";"";"";"";"";"";"";"";"";"";"";"";"";"";"";"";"";"";"";""
0;"Hieracium sphaerocephalum";"Hieracium sphaerocephalum";"";"";"";"";"";"";"";"";"";"";"";"";"";"";"";"";"";"";"";"";"";"";"";"";"";"";"";"";"";"";"";"";"";"";"";"";"";"";"";"";"";"";"";"";"";"";"";"";"";"";"";"";"";"";"";"";"";"";"";"";"";"";"";"";"";"";"";"";"";"";"";"";"";"";"";"";"";"";"";"";"";"";"";"";"";"";"";"";"";"";"";"";"";"";"";"";"";"";"";"";"";"";"";"";"";"";"";"";"";"";"";"";"";"";"";"";"";"";"";"";"";"";"";"";"";"";"";"";"";"";"";"";"";"";"";"";"";"";"";"";"";"";"";"";"";"";"";"";"";"";"";"";"";"";"";"";"";"";"";"";"";"";"";"";"";"";"";"";"";"";"";"";"";"";"";"";"";"";"";"";"";"";""
0;"Homogyne alpina";"Homogyne alpina";"";"";"";"";"";"";"";"";"";"";"";"";"";"";"";"";"";"";"";"";"";"";"";"";"";"";"";"";"";"";"";"";"";"";"";"";"";"";"";"";"";"";"";"";"";"";"";"";"";"";"";"";"";"";"";"";"";"";"";"";"";"";"";"";"";"";"";"";"";"";"";"";"";"";"";"";"";"";"";"";"";"";"";"";"";"";"";"";"";"";"";"";"";"";"";"";"";"";"";"";"";"";"";"";"";"";"";"";"";"";"";"";"";"";"";"";"";"";"";"";"";"";"";"";"";"";"";"";"";"";"";"";"";"";"";"";"";"";"";"";"";"";"";"";"";"";"";"";"";"";"";"";"";"";"";"";"";"";"";"";"";"";"";"";"";"";"";"";"";"";"";"";"";"";"";"";"";"";"";"";"";"";""
0;"Hylocomium splendens";"Hylocomium splendens";"";"";"";"";"";"";"";"";"";"";"";"";"";"";"";"";"";"";"";"";"";"";"";"";"";"";"";"";"";"";"";"";"";"";"";"";"";"";"";"";"";"";"";"";"";"";"";"";"";"";"";"";"";"";"";"";"";"";"";"";"";"";"";"";"";"";"";"";"";"";"";"";"";"";"";"";"";"";"";"";"";"";"";"";"";"";"";"";"";"";"";"";"";"";"";"";"";"";"";"";"";"";"";"";"";"";"";"";"";"";"";"";"";"";"";"";"";"";"";"";"";"";"";"";"";"";"";"";"";"";"";"";"";"";"";"";"";"";"";"";"";"";"";"";"";"";"";"";"";"";"";"";"";"";"";"";"";"";"";"";"";"";"";"";"";"";"";"";"";"";"";"";"";"";"";"";"";"";"";"";"";"";""
0;"Larix decidua";"Larix decidua";"";"";"";"";"";"";"";"";"";"";"";"";"";"";"";"";"";"";"";"";"";"";"";"";"";"";"";"";"";"";"";"";"";"";"";"";"";"";"";"";"";"";"";"";"";"";"";"";"";"";"";"";"";"";"";"";"";"";"";"";"";"";"";"";"";"";"";"";"";"";"";"";"";"";"";"";"";"";"";"";"";"";"";"";"";"";"";"";"";"";"";"";"";"";"";"";"";"";"";"";"";"";"";"";"";"";"";"";"";"";"";"";"";"";"";"";"";"";"";"";"";"";"";"";"";"";"";"";"";"";"";"";"";"";"";"";"";"";"";"";"";"";"";"";"";"";"";"";"";"";"";"";"";"";"";"";"";"";"";"";"";"";"";"";"";"";"";"";"";"";"";"";"";"";"";"";"";"";"";"";"";"";""
0;"Leucanthemopsis alpina";"Leucanthemopsis alpina";"";"";"";"";"";"";"";"";"";"";"";"";"";"";"";"";"";"";"";"";"";"";"";"";"";"";"";"";"";"";"";"";"";"";"";"";"";"";"";"";"";"";"";"";"";"";"";"";"";"";"";"";"";"";"";"";"";"";"";"";"";"";"";"";"";"";"";"";"";"";"";"";"";"";"";"";"";"";"";"";"";"";"";"";"";"";"";"";"";"";"";"";"";"";"";"";"";"";"";"";"";"";"";"";"";"";"";"";"";"";"";"";"";"";"";"";"";"";"";"";"";"";"";"";"";"";"";"";"";"";"";"";"";"";"";"";"";"";"";"";"";"";"";"";"";"";"";"";"";"";"";"";"";"";"";"";"";"";"";"";"";"";"";"";"";"";"";"";"";"";"";"";"";"";"";"";"";"";"";"";"";"";""
0;"Leucanthemum vulgare agg.";"Leucanthemum vulgare agg.";"";"";"";"";"";"";"";"";"";"";"";"";"";"";"";"";"";"";"";"";"";"";"";"";"";"";"";"";"";"";"";"";"";"";"";"";"";"";"";"";"";"";"";"";"";"";"";"";"";"";"";"";"";"";"";"";"";"";"";"";"";"";"";"";"";"";"";"";"";"";"";"";"";"";"";"";"";"";"";"";"";"";"";"";"";"";"";"";"";"";"";"";"";"";"";"";"";"";"";"";"";"";"";"";"";"";"";"";"";"";"";"";"";"";"";"";"";"";"";"";"";"";"";"";"";"";"";"";"";"";"";"";"";"";"";"";"";"";"";"";"";"";"";"";"";"";"";"";"";"";"";"";"";"";"";"";"";"";"";"";"";"";"";"";"";"";"";"";"";"";"";"";"";"";"";"";"";"";"";"";"";"";""
0;"Loiseleuria procumbens";"Loiseleuria procumbens";"";"";"";"";"";"";"";"";"";"";"";"";"";"";"";"";"";"";"";"";"";"";"";"";"";"";"";"";"";"";"";"";"";"";"";"";"";"";"";"";"";"";"";"";"";"";"";"";"";"";"";"";"";"";"";"";"";"";"";"";"";"";"";"";"";"";"";"";"";"";"";"";"";"";"";"";"";"";"";"";"";"";"";"";"";"";"";"";"";"";"";"";"";"";"";"";"";"";"";"";"";"";"";"";"";"";"";"";"";"";"";"";"";"";"";"";"";"";"";"";"";"";"";"";"";"";"";"";"";"";"";"";"";"";"";"";"";"";"";"";"";"";"";"";"";"";"";"";"";"";"";"";"";"";"";"";"";"";"";"";"";"";"";"";"";"";"";"";"";"";"";"";"";"";"";"";"";"";"";"";"";"";""
0;"Luzula alpina";"Luzula alpina";"";"";"";"";"";"";"";"";"";"";"";"";"";"";"";"";"";"";"";"";"";"";"";"";"";"";"";"";"";"";"";"";"";"";"";"";"";"";"";"";"";"";"";"";"";"";"";"";"";"";"";"";"";"";"";"";"";"";"";"";"";"";"";"";"";"";"";"";"";"";"";"";"";"";"";"";"";"";"";"";"";"";"";"";"";"";"";"";"";"";"";"";"";"";"";"";"";"";"";"";"";"";"";"";"";"";"";"";"";"";"";"";"";"";"";"";"";"";"";"";"";"";"";"";"";"";"";"";"";"";"";"";"";"";"";"";"";"";"";"";"";"";"";"";"";"";"";"";"";"";"";"";"";"";"";"";"";"";"";"";"";"";"";"";"";"";"";"";"";"";"";"";"";"";"";"";"";"";"";"";"";"";""
0;"Lycopodium annotinum";"Lycopodium annotinum";"";"";"";"";"";"";"";"";"";"";"";"";"";"";"";"";"";"";"";"";"";"";"";"";"";"";"";"";"";"";"";"";"";"";"";"";"";"";"";"";"";"";"";"";"";"";"";"";"";"";"";"";"";"";"";"";"";"";"";"";"";"";"";"";"";"";"";"";"";"";"";"";"";"";"";"";"";"";"";"";"";"";"";"";"";"";"";"";"";"";"";"";"";"";"";"";"";"";"";"";"";"";"";"";"";"";"";"";"";"";"";"";"";"";"";"";"";"";"";"";"";"";"";"";"";"";"";"";"";"";"";"";"";"";"";"";"";"";"";"";"";"";"";"";"";"";"";"";"";"";"";"";"";"";"";"";"";"";"";"";"";"";"";"";"";"";"";"";"";"";"";"";"";"";"";"";"";"";"";"";"";"";""
0;"Nardus stricta";"Nardus stricta";"";"";"";"";"";"";"";"";"";"";"";"";"";"";"";"";"";"";"";"";"";"";"";"";"";"";"";"";"";"";"";"";"";"";"";"";"";"";"";"";"";"";"";"";"";"";"";"";"";"";"";"";"";"";"";"";"";"";"";"";"";"";"";"";"";"";"";"";"";"";"";"";"";"";"";"";"";"";"";"";"";"";"";"";"";"";"";"";"";"";"";"";"";"";"";"";"";"";"";"";"";"";"";"";"";"";"";"";"";"";"";"";"";"";"";"";"";"";"";"";"";"";"";"";"";"";"";"";"";"";"";"";"";"";"";"";"";"";"";"";"";"";"";"";"";"";"";"";"";"";"";"";"";"";"";"";"";"";"";"";"";"";"";"";"";"";"";"";"";"";"";"";"";"";"";"";"";"";"";"";"";"";""
0;"Oreochloa disticha";"Oreochloa disticha";"";"";"";"";"";"";"";"";"";"";"";"";"";"";"";"";"";"";"";"";"";"";"";"";"";"";"";"";"";"";"";"";"";"";"";"";"";"";"";"";"";"";"";"";"";"";"";"";"";"";"";"";"";"";"";"";"";"";"";"";"";"";"";"";"";"";"";"";"";"";"";"";"";"";"";"";"";"";"";"";"";"";"";"";"";"";"";"";"";"";"";"";"";"";"";"";"";"";"";"";"";"";"";"";"";"";"";"";"";"";"";"";"";"";"";"";"";"";"";"";"";"";"";"";"";"";"";"";"";"";"";"";"";"";"";"";"";"";"";"";"";"";"";"";"";"";"";"";"";"";"";"";"";"";"";"";"";"";"";"";"";"";"";"";"";"";"";"";"";"";"";"";"";"";"";"";"";"";"";"";"";"";""
0;"Phleum rhaeticum";"Phleum rhaeticum";"";"";"";"";"";"";"";"";"";"";"";"";"";"";"";"";"";"";"";"";"";"";"";"";"";"";"";"";"";"";"";"";"";"";"";"";"";"";"";"";"";"";"";"";"";"";"";"";"";"";"";"";"";"";"";"";"";"";"";"";"";"";"";"";"";"";"";"";"";"";"";"";"";"";"";"";"";"";"";"";"";"";"";"";"";"";"";"";"";"";"";"";"";"";"";"";"";"";"";"";"";"";"";"";"";"";"";"";"";"";"";"";"";"";"";"";"";"";"";"";"";"";"";"";"";"";"";"";"";"";"";"";"";"";"";"";"";"";"";"";"";"";"";"";"";"";"";"";"";"";"";"";"";"";"";"";"";"";"";"";"";"";"";"";"";"";"";"";"";"";"";"";"";"";"";"";"";"";"";"";"";"";""
0;"Phyteuma confusum";"Phyteuma confusum";"";"";"";"";"";"";"";"";"";"";"";"";"";"";"";"";"";"";"";"";"";"";"";"";"";"";"";"";"";"";"";"";"";"";"";"";"";"";"";"";"";"";"";"";"";"";"";"";"";"";"";"";"";"";"";"";"";"";"";"";"";"";"";"";"";"";"";"";"";"";"";"";"";"";"";"";"";"";"";"";"";"";"";"";"";"";"";"";"";"";"";"";"";"";"";"";"";"";"";"";"";"";"";"";"";"";"";"";"";"";"";"";"";"";"";"";"";"";"";"";"";"";"";"";"";"";"";"";"";"";"";"";"";"";"";"";"";"";"";"";"";"";"";"";"";"";"";"";"";"";"";"";"";"";"";"";"";"";"";"";"";"";"";"";"";"";"";"";"";"";"";"";"";"";"";"";"";"";"";"";"";"";""
0;"Phyteuma hemisphaericum";"Phyteuma hemisphaericum";"";"";"";"";"";"";"";"";"";"";"";"";"";"";"";"";"";"";"";"";"";"";"";"";"";"";"";"";"";"";"";"";"";"";"";"";"";"";"";"";"";"";"";"";"";"";"";"";"";"";"";"";"";"";"";"";"";"";"";"";"";"";"";"";"";"";"";"";"";"";"";"";"";"";"";"";"";"";"";"";"";"";"";"";"";"";"";"";"";"";"";"";"";"";"";"";"";"";"";"";"";"";"";"";"";"";"";"";"";"";"";"";"";"";"";"";"";"";"";"";"";"";"";"";"";"";"";"";"";"";"";"";"";"";"";"";"";"";"";"";"";"";"";"";"";"";"";"";"";"";"";"";"";"";"";"";"";"";"";"";"";"";"";"";"";"";"";"";"";"";"";"";"";"";"";"";"";"";"";"";"";"";""
0;"Picea abies";"Picea abies";"";"";"";"";"";"";"";"";"";"";"";"";"";"";"";"";"";"";"";"";"";"";"";"";"";"";"";"";"";"";"";"";"";"";"";"";"";"";"";"";"";"";"";"";"";"";"";"";"";"";"";"";"";"";"";"";"";"";"";"";"";"";"";"";"";"";"";"";"";"";"";"";"";"";"";"";"";"";"";"";"";"";"";"";"";"";"";"";"";"";"";"";"";"";"";"";"";"";"";"";"";"";"";"";"";"";"";"";"";"";"";"";"";"";"";"";"";"";"";"";"";"";"";"";"";"";"";"";"";"";"";"";"";"";"";"";"";"";"";"";"";"";"";"";"";"";"";"";"";"";"";"";"";"";"";"";"";"";"";"";"";"";"";"";"";"";"";"";"";"";"";"";"";"";"";"";"";"";"";"";"";"";""
0;"Pleurozium schreberi";"Pleurozium schreberi";"";"";"";"";"";"";"";"";"";"";"";"";"";"";"";"";"";"";"";"";"";"";"";"";"";"";"";"";"";"";"";"";"";"";"";"";"";"";"";"";"";"";"";"";"";"";"";"";"";"";"";"";"";"";"";"";"";"";"";"";"";"";"";"";"";"";"";"";"";"";"";"";"";"";"";"";"";"";"";"";"";"";"";"";"";"";"";"";"";"";"";"";"";"";"";"";"";"";"";"";"";"";"";"";"";"";"";"";"";"";"";"";"";"";"";"";"";"";"";"";"";"";"";"";"";"";"";"";"";"";"";"";"";"";"";"";"";"";"";"";"";"";"";"";"";"";"";"";"";"";"";"";"";"";"";"";"";"";"";"";"";"";"";"";"";"";"";"";"";"";"";"";"";"";"";"";"";"";"";"";"";"";""
0;"Poa alpina";"Poa alpina";"";"";"";"";"";"";"";"";"";"";"";"";"";"";"";"";"";"";"";"";"";"";"";"";"";"";"";"";"";"";"";"";"";"";"";"";"";"";"";"";"";"";"";"";"";"";"";"";"";"";"";"";"";"";"";"";"";"";"";"";"";"";"";"";"";"";"";"";"";"";"";"";"";"";"";"";"";"";"";"";"";"";"";"";"";"";"";"";"";"";"";"";"";"";"";"";"";"";"";"";"";"";"";"";"";"";"";"";"";"";"";"";"";"";"";"";"";"";"";"";"";"";"";"";"";"";"";"";"";"";"";"";"";"";"";"";"";"";"";"";"";"";"";"";"";"";"";"";"";"";"";"";"";"";"";"";"";"";"";"";"";"";"";"";"";"";"";"";"";"";"";"";"";"";"";"";"";"";"";"";"";"";""
0;"Polytrichum juniperinum";"Polytrichum juniperinum";"";"";"";"";"";"";"";"";"";"";"";"";"";"";"";"";"";"";"";"";"";"";"";"";"";"";"";"";"";"";"";"";"";"";"";"";"";"";"";"";"";"";"";"";"";"";"";"";"";"";"";"";"";"";"";"";"";"";"";"";"";"";"";"";"";"";"";"";"";"";"";"";"";"";"";"";"";"";"";"";"";"";"";"";"";"";"";"";"";"";"";"";"";"";"";"";"";"";"";"";"";"";"";"";"";"";"";"";"";"";"";"";"";"";"";"";"";"";"";"";"";"";"";"";"";"";"";"";"";"";"";"";"";"";"";"";"";"";"";"";"";"";"";"";"";"";"";"";"";"";"";"";"";"";"";"";"";"";"";"";"";"";"";"";"";"";"";"";"";"";"";"";"";"";"";"";"";"";"";"";"";"";""
0;"Polytrichum piliferum";"Polytrichum piliferum";"";"";"";"";"";"";"";"";"";"";"";"";"";"";"";"";"";"";"";"";"";"";"";"";"";"";"";"";"";"";"";"";"";"";"";"";"";"";"";"";"";"";"";"";"";"";"";"";"";"";"";"";"";"";"";"";"";"";"";"";"";"";"";"";"";"";"";"";"";"";"";"";"";"";"";"";"";"";"";"";"";"";"";"";"";"";"";"";"";"";"";"";"";"";"";"";"";"";"";"";"";"";"";"";"";"";"";"";"";"";"";"";"";"";"";"";"";"";"";"";"";"";"";"";"";"";"";"";"";"";"";"";"";"";"";"";"";"";"";"";"";"";"";"";"";"";"";"";"";"";"";"";"";"";"";"";"";"";"";"";"";"";"";"";"";"";"";"";"";"";"";"";"";"";"";"";"";"";"";"";"";"";""
0;"Potentilla aurea";"Potentilla aurea";"";"";"";"";"";"";"";"";"";"";"";"";"";"";"";"";"";"";"";"";"";"";"";"";"";"";"";"";"";"";"";"";"";"";"";"";"";"";"";"";"";"";"";"";"";"";"";"";"";"";"";"";"";"";"";"";"";"";"";"";"";"";"";"";"";"";"";"";"";"";"";"";"";"";"";"";"";"";"";"";"";"";"";"";"";"";"";"";"";"";"";"";"";"";"";"";"";"";"";"";"";"";"";"";"";"";"";"";"";"";"";"";"";"";"";"";"";"";"";"";"";"";"";"";"";"";"";"";"";"";"";"";"";"";"";"";"";"";"";"";"";"";"";"";"";"";"";"";"";"";"";"";"";"";"";"";"";"";"";"";"";"";"";"";"";"";"";"";"";"";"";"";"";"";"";"";"";"";"";"";"";"";""
0;"Primula minima";"Primula minima";"";"";"";"";"";"";"";"";"";"";"";"";"";"";"";"";"";"";"";"";"";"";"";"";"";"";"";"";"";"";"";"";"";"";"";"";"";"";"";"";"";"";"";"";"";"";"";"";"";"";"";"";"";"";"";"";"";"";"";"";"";"";"";"";"";"";"";"";"";"";"";"";"";"";"";"";"";"";"";"";"";"";"";"";"";"";"";"";"";"";"";"";"";"";"";"";"";"";"";"";"";"";"";"";"";"";"";"";"";"";"";"";"";"";"";"";"";"";"";"";"";"";"";"";"";"";"";"";"";"";"";"";"";"";"";"";"";"";"";"";"";"";"";"";"";"";"";"";"";"";"";"";"";"";"";"";"";"";"";"";"";"";"";"";"";"";"";"";"";"";"";"";"";"";"";"";"";"";"";"";"";"";""
0;"Rhododendron ferrugineum";"Rhododendron ferrugineum";"";"";"";"";"";"";"";"";"";"";"";"";"";"";"";"";"";"";"";"";"";"";"";"";"";"";"";"";"";"";"";"";"";"";"";"";"";"";"";"";"";"";"";"";"";"";"";"";"";"";"";"";"";"";"";"";"";"";"";"";"";"";"";"";"";"";"";"";"";"";"";"";"";"";"";"";"";"";"";"";"";"";"";"";"";"";"";"";"";"";"";"";"";"";"";"";"";"";"";"";"";"";"";"";"";"";"";"";"";"";"";"";"";"";"";"";"";"";"";"";"";"";"";"";"";"";"";"";"";"";"";"";"";"";"";"";"";"";"";"";"";"";"";"";"";"";"";"";"";"";"";"";"";"";"";"";"";"";"";"";"";"";"";"";"";"";"";"";"";"";"";"";"";"";"";"";"";"";"";"";"";"";""
0;"Saponaria pumila";"Saponaria pumila";"";"";"";"";"";"";"";"";"";"";"";"";"";"";"";"";"";"";"";"";"";"";"";"";"";"";"";"";"";"";"";"";"";"";"";"";"";"";"";"";"";"";"";"";"";"";"";"";"";"";"";"";"";"";"";"";"";"";"";"";"";"";"";"";"";"";"";"";"";"";"";"";"";"";"";"";"";"";"";"";"";"";"";"";"";"";"";"";"";"";"";"";"";"";"";"";"";"";"";"";"";"";"";"";"";"";"";"";"";"";"";"";"";"";"";"";"";"";"";"";"";"";"";"";"";"";"";"";"";"";"";"";"";"";"";"";"";"";"";"";"";"";"";"";"";"";"";"";"";"";"";"";"";"";"";"";"";"";"";"";"";"";"";"";"";"";"";"";"";"";"";"";"";"";"";"";"";"";"";"";"";"";""
0;"Sibbaldia procumbens";"Sibbaldia procumbens";"";"";"";"";"";"";"";"";"";"";"";"";"";"";"";"";"";"";"";"";"";"";"";"";"";"";"";"";"";"";"";"";"";"";"";"";"";"";"";"";"";"";"";"";"";"";"";"";"";"";"";"";"";"";"";"";"";"";"";"";"";"";"";"";"";"";"";"";"";"";"";"";"";"";"";"";"";"";"";"";"";"";"";"";"";"";"";"";"";"";"";"";"";"";"";"";"";"";"";"";"";"";"";"";"";"";"";"";"";"";"";"";"";"";"";"";"";"";"";"";"";"";"";"";"";"";"";"";"";"";"";"";"";"";"";"";"";"";"";"";"";"";"";"";"";"";"";"";"";"";"";"";"";"";"";"";"";"";"";"";"";"";"";"";"";"";"";"";"";"";"";"";"";"";"";"";"";"";"";"";"";"";""
0;"Solorina crocea";"Solorina crocea";"";"";"";"";"";"";"";"";"";"";"";"";"";"";"";"";"";"";"";"";"";"";"";"";"";"";"";"";"";"";"";"";"";"";"";"";"";"";"";"";"";"";"";"";"";"";"";"";"";"";"";"";"";"";"";"";"";"";"";"";"";"";"";"";"";"";"";"";"";"";"";"";"";"";"";"";"";"";"";"";"";"";"";"";"";"";"";"";"";"";"";"";"";"";"";"";"";"";"";"";"";"";"";"";"";"";"";"";"";"";"";"";"";"";"";"";"";"";"";"";"";"";"";"";"";"";"";"";"";"";"";"";"";"";"";"";"";"";"";"";"";"";"";"";"";"";"";"";"";"";"";"";"";"";"";"";"";"";"";"";"";"";"";"";"";"";"";"";"";"";"";"";"";"";"";"";"";"";"";"";"";"";""
0;"Sphagnum capillifolium";"Sphagnum capillifolium";"";"";"";"";"";"";"";"";"";"";"";"";"";"";"";"";"";"";"";"";"";"";"";"";"";"";"";"";"";"";"";"";"";"";"";"";"";"";"";"";"";"";"";"";"";"";"";"";"";"";"";"";"";"";"";"";"";"";"";"";"";"";"";"";"";"";"";"";"";"";"";"";"";"";"";"";"";"";"";"";"";"";"";"";"";"";"";"";"";"";"";"";"";"";"";"";"";"";"";"";"";"";"";"";"";"";"";"";"";"";"";"";"";"";"";"";"";"";"";"";"";"";"";"";"";"";"";"";"";"";"";"";"";"";"";"";"";"";"";"";"";"";"";"";"";"";"";"";"";"";"";"";"";"";"";"";"";"";"";"";"";"";"";"";"";"";"";"";"";"";"";"";"";"";"";"";"";"";"";"";"";"";""
0;"Trifolium pallescens";"Trifolium pallescens";"";"";"";"";"";"";"";"";"";"";"";"";"";"";"";"";"";"";"";"";"";"";"";"";"";"";"";"";"";"";"";"";"";"";"";"";"";"";"";"";"";"";"";"";"";"";"";"";"";"";"";"";"";"";"";"";"";"";"";"";"";"";"";"";"";"";"";"";"";"";"";"";"";"";"";"";"";"";"";"";"";"";"";"";"";"";"";"";"";"";"";"";"";"";"";"";"";"";"";"";"";"";"";"";"";"";"";"";"";"";"";"";"";"";"";"";"";"";"";"";"";"";"";"";"";"";"";"";"";"";"";"";"";"";"";"";"";"";"";"";"";"";"";"";"";"";"";"";"";"";"";"";"";"";"";"";"";"";"";"";"";"";"";"";"";"";"";"";"";"";"";"";"";"";"";"";"";"";"";"";"";"";""
0;"Vaccinium gaultherioides";"Vaccinium gaultherioides";"";"";"";"";"";"";"";"";"";"";"";"";"";"";"";"";"";"";"";"";"";"";"";"";"";"";"";"";"";"";"";"";"";"";"";"";"";"";"";"";"";"";"";"";"";"";"";"";"";"";"";"";"";"";"";"";"";"";"";"";"";"";"";"";"";"";"";"";"";"";"";"";"";"";"";"";"";"";"";"";"";"";"";"";"";"";"";"";"";"";"";"";"";"";"";"";"";"";"";"";"";"";"";"";"";"";"";"";"";"";"";"";"";"";"";"";"";"";"";"";"";"";"";"";"";"";"";"";"";"";"";"";"";"";"";"";"";"";"";"";"";"";"";"";"";"";"";"";"";"";"";"";"";"";"";"";"";"";"";"";"";"";"";"";"";"";"";"";"";"";"";"";"";"";"";"";"";"";"";"";"";"";""
0;"Vaccinium myrtillus";"Vaccinium myrtillus";"";"";"";"";"";"";"";"";"";"";"";"";"";"";"";"";"";"";"";"";"";"";"";"";"";"";"";"";"";"";"";"";"";"";"";"";"";"";"";"";"";"";"";"";"";"";"";"";"";"";"";"";"";"";"";"";"";"";"";"";"";"";"";"";"";"";"";"";"";"";"";"";"";"";"";"";"";"";"";"";"";"";"";"";"";"";"";"";"";"";"";"";"";"";"";"";"";"";"";"";"";"";"";"";"";"";"";"";"";"";"";"";"";"";"";"";"";"";"";"";"";"";"";"";"";"";"";"";"";"";"";"";"";"";"";"";"";"";"";"";"";"";"";"";"";"";"";"";"";"";"";"";"";"";"";"";"";"";"";"";"";"";"";"";"";"";"";"";"";"";"";"";"";"";"";"";"";"";"";"";"";"";""
0;"Vaccinium vitis-idaea";"Vaccinium vitis-idaea";"";"";"";"";"";"";"";"";"";"";"";"";"";"";"";"";"";"";"";"";"";"";"";"";"";"";"";"";"";"";"";"";"";"";"";"";"";"";"";"";"";"";"";"";"";"";"";"";"";"";"";"";"";"";"";"";"";"";"";"";"";"";"";"";"";"";"";"";"";"";"";"";"";"";"";"";"";"";"";"";"";"";"";"";"";"";"";"";"";"";"";"";"";"";"";"";"";"";"";"";"";"";"";"";"";"";"";"";"";"";"";"";"";"";"";"";"";"";"";"";"";"";"";"";"";"";"";"";"";"";"";"";"";"";"";"";"";"";"";"";"";"";"";"";"";"";"";"";"";"";"";"";"";"";"";"";"";"";"";"";"";"";"";"";"";"";"";"";"";"";"";"";"";"";"";"";"";"";"";"";"";"";""
0;"Veronica bellidioides";"Veronica bellidioides";"";"";"";"";"";"";"";"";"";"";"";"";"";"";"";"";"";"";"";"";"";"";"";"";"";"";"";"";"";"";"";"";"";"";"";"";"";"";"";"";"";"";"";"";"";"";"";"";"";"";"";"";"";"";"";"";"";"";"";"";"";"";"";"";"";"";"";"";"";"";"";"";"";"";"";"";"";"";"";"";"";"";"";"";"";"";"";"";"";"";"";"";"";"";"";"";"";"";"";"";"";"";"";"";"";"";"";"";"";"";"";"";"";"";"";"";"";"";"";"";"";"";"";"";"";"";"";"";"";"";"";"";"";"";"";"";"";"";"";"";"";"";"";"";"";"";"";"";"";"";"";"";"";"";"";"";"";"";"";"";"";"";"";"";"";"";"";"";"";"";"";"";"";"";"";"";"";"";"";"";"";"";""
0;"Viola biflora";"Viola biflora";"";"";"";"";"";"";"";"";"";"";"";"";"";"";"";"";"";"";"";"";"";"";"";"";"";"";"";"";"";"";"";"";"";"";"";"";"";"";"";"";"";"";"";"";"";"";"";"";"";"";"";"";"";"";"";"";"";"";"";"";"";"";"";"";"";"";"";"";"";"";"";"";"";"";"";"";"";"";"";"";"";"";"";"";"";"";"";"";"";"";"";"";"";"";"";"";"";"";"";"";"";"";"";"";"";"";"";"";"";"";"";"";"";"";"";"";"";"";"";"";"";"";"";"";"";"";"";"";"";"";"";"";"";"";"";"";"";"";"";"";"";"";"";"";"";"";"";"";"";"";"";"";"";"";"";"";"";"";"";"";"";"";"";"";"";"";"";"";"";"";"";"";"";"";"";"";"";"";"";"";"";"";""
